boundary_utc,equity
2021-09-01 00:00:00+00:00,10000.0
2021-09-02 00:00:00+00:00,10000.0
2021-09-03 00:00:00+00:00,10000.0
2021-09-04 00:00:00+00:00,10000.0
2021-09-05 00:00:00+00:00,10000.0
2021-09-06 00:00:00+00:00,10000.0
2021-09-07 00:00:00+00:00,10000.0
2021-09-08 00:00:00+00:00,10000.0
2021-09-09 00:00:00+00:00,10000.0
2021-09-10 00:00:00+00:00,10000.0
2021-09-11 00:00:00+00:00,10000.0
2021-09-12 00:00:00+00:00,10000.0
2021-09-13 00:00:00+00:00,10000.0
2021-09-14 00:00:00+00:00,10000.0
2021-09-15 00:00:00+00:00,10000.0
2021-09-16 00:00:00+00:00,10000.0
2021-09-17 00:00:00+00:00,10000.0
2021-09-18 00:00:00+00:00,10000.0
2021-09-19 00:00:00+00:00,10000.0
2021-09-20 00:00:00+00:00,10000.0
2021-09-21 00:00:00+00:00,9900.940189952698
2021-09-22 00:00:00+00:00,9893.593809799899
2021-09-23 00:00:00+00:00,9966.681844016282
2021-09-24 00:00:00+00:00,10000.357234327219
2021-09-25 00:00:00+00:00,9951.054457713724
2021-09-26 00:00:00+00:00,9951.054457713724
2021-09-27 00:00:00+00:00,9951.054457713724
2021-09-28 00:00:00+00:00,9951.054457713724
2021-09-29 00:00:00+00:00,9951.054457713724
2021-09-30 00:00:00+00:00,9951.054457713724
2021-10-01 00:00:00+00:00,9951.054457713724
2021-10-02 00:00:00+00:00,9902.111865369723
2021-10-03 00:00:00+00:00,9902.111865369723
2021-10-04 00:00:00+00:00,9902.111865369723
2021-10-05 00:00:00+00:00,9902.111865369723
2021-10-06 00:00:00+00:00,9902.111865369723
2021-10-07 00:00:00+00:00,9902.111865369723
2021-10-08 00:00:00+00:00,9902.111865369723
2021-10-09 00:00:00+00:00,9902.111865369723
2021-10-10 00:00:00+00:00,9902.111865369723
2021-10-11 00:00:00+00:00,9902.111865369723
2021-10-12 00:00:00+00:00,9902.111865369723
2021-10-13 00:00:00+00:00,9902.111865369723
2021-10-14 00:00:00+00:00,9902.111865369723
2021-10-15 00:00:00+00:00,9902.111865369723
2021-10-16 00:00:00+00:00,9914.713209369724
2021-10-17 00:00:00+00:00,9932.531982281625
2021-10-18 00:00:00+00:00,9920.514803555065
2021-10-19 00:00:00+00:00,9925.457080247315
2021-10-20 00:00:00+00:00,9925.457080247315
2021-10-21 00:00:00+00:00,9925.457080247315
2021-10-22 00:00:00+00:00,9925.457080247315
2021-10-23 00:00:00+00:00,9925.457080247315
2021-10-24 00:00:00+00:00,9925.457080247315
2021-10-25 00:00:00+00:00,9925.457080247315
2021-10-26 00:00:00+00:00,9925.457080247315
2021-10-27 00:00:00+00:00,9925.457080247315
2021-10-28 00:00:00+00:00,9925.457080247315
2021-10-29 00:00:00+00:00,9925.457080247315
2021-10-30 00:00:00+00:00,9925.457080247315
2021-10-31 00:00:00+00:00,9925.457080247315
2021-11-01 00:00:00+00:00,9925.457080247315
2021-11-02 00:00:00+00:00,9925.457080247315
2021-11-03 00:00:00+00:00,9925.457080247315
2021-11-04 00:00:00+00:00,9925.457080247315
2021-11-05 00:00:00+00:00,9925.457080247315
2021-11-06 00:00:00+00:00,9925.457080247315
2021-11-07 00:00:00+00:00,9925.457080247315
2021-11-08 00:00:00+00:00,9925.457080247315
2021-11-09 00:00:00+00:00,9925.457080247315
2021-11-10 00:00:00+00:00,9925.457080247315
2021-11-11 00:00:00+00:00,9925.457080247315
2021-11-12 00:00:00+00:00,9925.457080247315
2021-11-13 00:00:00+00:00,9925.457080247315
2021-11-14 00:00:00+00:00,9925.457080247315
2021-11-15 00:00:00+00:00,9925.457080247315
2021-11-16 00:00:00+00:00,9925.457080247315
2021-11-17 00:00:00+00:00,9950.611204055314
2021-11-18 00:00:00+00:00,9958.17299751703
2021-11-19 00:00:00+00:00,9875.067761041897
2021-11-20 00:00:00+00:00,9875.067761041897
2021-11-21 00:00:00+00:00,9875.067761041897
2021-11-22 00:00:00+00:00,9875.067761041897
2021-11-23 00:00:00+00:00,9875.067761041897
2021-11-24 00:00:00+00:00,9875.067761041897
2021-11-25 00:00:00+00:00,9875.067761041897
2021-11-26 00:00:00+00:00,9875.067761041897
2021-11-27 00:00:00+00:00,9842.28983224025
2021-11-28 00:00:00+00:00,9874.98535900988
2021-11-29 00:00:00+00:00,9825.497083600376
2021-11-30 00:00:00+00:00,9825.497083600376
2021-12-01 00:00:00+00:00,9825.497083600376
2021-12-02 00:00:00+00:00,9825.497083600376
2021-12-03 00:00:00+00:00,9825.497083600376
2021-12-04 00:00:00+00:00,9825.497083600376
2021-12-05 00:00:00+00:00,9825.497083600376
2021-12-06 00:00:00+00:00,9825.497083600376
2021-12-07 00:00:00+00:00,9825.497083600376
2021-12-08 00:00:00+00:00,9825.497083600376
2021-12-09 00:00:00+00:00,9825.497083600376
2021-12-10 00:00:00+00:00,9825.497083600376
2021-12-11 00:00:00+00:00,9825.497083600376
2021-12-12 00:00:00+00:00,9825.497083600376
2021-12-13 00:00:00+00:00,9825.497083600376
2021-12-14 00:00:00+00:00,9823.760253100376
2021-12-15 00:00:00+00:00,9873.26883760346
2021-12-16 00:00:00+00:00,9888.897074448312
2021-12-17 00:00:00+00:00,9857.623276308603
2021-12-18 00:00:00+00:00,9857.623276308603
2021-12-19 00:00:00+00:00,9857.623276308603
2021-12-20 00:00:00+00:00,9857.623276308603
2021-12-21 00:00:00+00:00,9857.623276308603
2021-12-22 00:00:00+00:00,9857.623276308603
2021-12-23 00:00:00+00:00,9857.623276308603
2021-12-24 00:00:00+00:00,9857.623276308603
2021-12-25 00:00:00+00:00,9857.623276308603
2021-12-26 00:00:00+00:00,9857.623276308603
2021-12-27 00:00:00+00:00,9857.623276308603
2021-12-28 00:00:00+00:00,9857.623276308603
2021-12-29 00:00:00+00:00,9857.623276308603
2021-12-30 00:00:00+00:00,9857.623276308603
2021-12-31 00:00:00+00:00,9857.623276308603
2022-01-01 00:00:00+00:00,9857.623276308603
2022-01-02 00:00:00+00:00,9857.623276308603
2022-01-03 00:00:00+00:00,9857.623276308603
2022-01-04 00:00:00+00:00,9857.623276308603
2022-01-05 00:00:00+00:00,9857.623276308603
2022-01-06 00:00:00+00:00,9856.644002708603
2022-01-07 00:00:00+00:00,9846.126907402933
2022-01-08 00:00:00+00:00,9807.987236970934
2022-01-09 00:00:00+00:00,9807.987236970934
2022-01-10 00:00:00+00:00,9807.987236970934
2022-01-11 00:00:00+00:00,9807.987236970934
2022-01-12 00:00:00+00:00,9807.987236970934
2022-01-13 00:00:00+00:00,9807.987236970934
2022-01-14 00:00:00+00:00,9807.987236970934
2022-01-15 00:00:00+00:00,9807.987236970934
2022-01-16 00:00:00+00:00,9807.987236970934
2022-01-17 00:00:00+00:00,9807.987236970934
2022-01-18 00:00:00+00:00,9807.987236970934
2022-01-19 00:00:00+00:00,9807.987236970934
2022-01-20 00:00:00+00:00,9807.987236970934
2022-01-21 00:00:00+00:00,9807.987236970934
2022-01-22 00:00:00+00:00,9759.239699537755
2022-01-23 00:00:00+00:00,9759.239699537755
2022-01-24 00:00:00+00:00,9759.239699537755
2022-01-25 00:00:00+00:00,9840.425291212932
2022-01-26 00:00:00+00:00,9849.73898174293
2022-01-27 00:00:00+00:00,9844.423066071655
2022-01-28 00:00:00+00:00,9841.712565213713
2022-01-29 00:00:00+00:00,9841.712565213713
2022-01-30 00:00:00+00:00,9841.712565213713
2022-01-31 00:00:00+00:00,9841.712565213713
2022-02-01 00:00:00+00:00,9841.712565213713
2022-02-02 00:00:00+00:00,9841.712565213713
2022-02-03 00:00:00+00:00,9841.712565213713
2022-02-04 00:00:00+00:00,9841.712565213713
2022-02-05 00:00:00+00:00,9841.712565213713
2022-02-06 00:00:00+00:00,9841.712565213713
2022-02-07 00:00:00+00:00,9841.712565213713
2022-02-08 00:00:00+00:00,9841.712565213713
2022-02-09 00:00:00+00:00,9841.712565213713
2022-02-10 00:00:00+00:00,9841.712565213713
2022-02-11 00:00:00+00:00,9841.712565213713
2022-02-12 00:00:00+00:00,9841.712565213713
2022-02-13 00:00:00+00:00,9841.712565213713
2022-02-14 00:00:00+00:00,9841.712565213713
2022-02-15 00:00:00+00:00,9841.712565213713
2022-02-16 00:00:00+00:00,9841.712565213713
2022-02-17 00:00:00+00:00,9841.712565213713
2022-02-18 00:00:00+00:00,9792.976865213712
2022-02-19 00:00:00+00:00,9792.976865213712
2022-02-20 00:00:00+00:00,9792.976865213712
2022-02-21 00:00:00+00:00,9792.976865213712
2022-02-22 00:00:00+00:00,9792.976865213712
2022-02-23 00:00:00+00:00,9792.976865213712
2022-02-24 00:00:00+00:00,9792.976865213712
2022-02-25 00:00:00+00:00,10021.742165632968
2022-02-26 00:00:00+00:00,10021.742165632968
2022-02-27 00:00:00+00:00,10021.742165632968
2022-02-28 00:00:00+00:00,10021.742165632968
2022-03-01 00:00:00+00:00,10021.742165632968
2022-03-02 00:00:00+00:00,10021.742165632968
2022-03-03 00:00:00+00:00,10021.742165632968
2022-03-04 00:00:00+00:00,10021.742165632968
2022-03-05 00:00:00+00:00,10021.742165632968
2022-03-06 00:00:00+00:00,10021.742165632968
2022-03-07 00:00:00+00:00,10021.742165632968
2022-03-08 00:00:00+00:00,10021.742165632968
2022-03-09 00:00:00+00:00,10021.742165632968
2022-03-10 00:00:00+00:00,9972.523836900358
2022-03-11 00:00:00+00:00,9982.531053465784
2022-03-12 00:00:00+00:00,9923.725194381239
2022-03-13 00:00:00+00:00,9923.725194381239
2022-03-14 00:00:00+00:00,9923.725194381239
2022-03-15 00:00:00+00:00,9923.725194381239
2022-03-16 00:00:00+00:00,9923.725194381239
2022-03-17 00:00:00+00:00,9923.725194381239
2022-03-18 00:00:00+00:00,9923.725194381239
2022-03-19 00:00:00+00:00,9923.725194381239
2022-03-20 00:00:00+00:00,9923.725194381239
2022-03-21 00:00:00+00:00,9923.725194381239
2022-03-22 00:00:00+00:00,9923.725194381239
2022-03-23 00:00:00+00:00,9923.725194381239
2022-03-24 00:00:00+00:00,9923.725194381239
2022-03-25 00:00:00+00:00,9923.725194381239
2022-03-26 00:00:00+00:00,9923.725194381239
2022-03-27 00:00:00+00:00,9923.725194381239
2022-03-28 00:00:00+00:00,9923.725194381239
2022-03-29 00:00:00+00:00,9923.725194381239
2022-03-30 00:00:00+00:00,9923.725194381239
2022-03-31 00:00:00+00:00,9923.725194381239
2022-04-01 00:00:00+00:00,9923.725194381239
2022-04-02 00:00:00+00:00,9923.725194381239
2022-04-03 00:00:00+00:00,9923.725194381239
2022-04-04 00:00:00+00:00,9923.725194381239
2022-04-05 00:00:00+00:00,9923.725194381239
2022-04-06 00:00:00+00:00,9923.725194381239
2022-04-07 00:00:00+00:00,9923.725194381239
2022-04-08 00:00:00+00:00,9923.725194381239
2022-04-09 00:00:00+00:00,9923.725194381239
2022-04-10 00:00:00+00:00,9923.725194381239
2022-04-11 00:00:00+00:00,9923.725194381239
2022-04-12 00:00:00+00:00,9855.341166881237
2022-04-13 00:00:00+00:00,9879.907082616082
2022-04-14 00:00:00+00:00,9927.272488866225
2022-04-15 00:00:00+00:00,9869.816736598681
2022-04-16 00:00:00+00:00,9869.816736598681
2022-04-17 00:00:00+00:00,9869.816736598681
2022-04-18 00:00:00+00:00,9869.816736598681
2022-04-19 00:00:00+00:00,9869.816736598681
2022-04-20 00:00:00+00:00,9869.816736598681
2022-04-21 00:00:00+00:00,9869.816736598681
2022-04-22 00:00:00+00:00,9869.816736598681
2022-04-23 00:00:00+00:00,9869.816736598681
2022-04-24 00:00:00+00:00,9869.816736598681
2022-04-25 00:00:00+00:00,9869.816736598681
2022-04-26 00:00:00+00:00,9869.816736598681
2022-04-27 00:00:00+00:00,9850.75543347588
2022-04-28 00:00:00+00:00,9917.78762599609
2022-04-29 00:00:00+00:00,9949.575529618594
2022-04-30 00:00:00+00:00,9879.121513180911
2022-05-01 00:00:00+00:00,9879.121513180911
2022-05-02 00:00:00+00:00,9879.121513180911
2022-05-03 00:00:00+00:00,9879.121513180911
2022-05-04 00:00:00+00:00,9879.121513180911
2022-05-05 00:00:00+00:00,9890.194072127191
2022-05-06 00:00:00+00:00,10099.361062180682
2022-05-07 00:00:00+00:00,10099.361062180682
2022-05-08 00:00:00+00:00,10099.361062180682
2022-05-09 00:00:00+00:00,10099.361062180682
2022-05-10 00:00:00+00:00,10099.361062180682
2022-05-11 00:00:00+00:00,10145.882368748547
2022-05-12 00:00:00+00:00,10243.161410627748
2022-05-13 00:00:00+00:00,10463.294324964072
2022-05-14 00:00:00+00:00,10581.184864523724
2022-05-15 00:00:00+00:00,10581.184864523724
2022-05-16 00:00:00+00:00,10581.184864523724
2022-05-17 00:00:00+00:00,10581.184864523724
2022-05-18 00:00:00+00:00,10581.184864523724
2022-05-19 00:00:00+00:00,10581.184864523724
2022-05-20 00:00:00+00:00,10581.184864523724
2022-05-21 00:00:00+00:00,10581.184864523724
2022-05-22 00:00:00+00:00,10581.184864523724
2022-05-23 00:00:00+00:00,10581.184864523724
2022-05-24 00:00:00+00:00,10581.184864523724
2022-05-25 00:00:00+00:00,10581.184864523724
2022-05-26 00:00:00+00:00,10581.184864523724
2022-05-27 00:00:00+00:00,10581.184864523724
2022-05-28 00:00:00+00:00,10581.184864523724
2022-05-29 00:00:00+00:00,10581.184864523724
2022-05-30 00:00:00+00:00,10581.184864523724
2022-05-31 00:00:00+00:00,10573.249977012523
2022-06-01 00:00:00+00:00,10570.094488809651
2022-06-02 00:00:00+00:00,10675.098996978895
2022-06-03 00:00:00+00:00,10648.159679474473
2022-06-04 00:00:00+00:00,10648.159679474473
2022-06-05 00:00:00+00:00,10648.159679474473
2022-06-06 00:00:00+00:00,10648.159679474473
2022-06-07 00:00:00+00:00,10648.159679474473
2022-06-08 00:00:00+00:00,10822.038068090873
2022-06-09 00:00:00+00:00,10725.172069381108
2022-06-10 00:00:00+00:00,10714.185684123258
2022-06-11 00:00:00+00:00,10719.793487982157
2022-06-12 00:00:00+00:00,10719.793487982157
2022-06-13 00:00:00+00:00,10719.793487982157
2022-06-14 00:00:00+00:00,10666.477207482156
2022-06-15 00:00:00+00:00,10666.477207482156
2022-06-16 00:00:00+00:00,10912.684524241626
2022-06-17 00:00:00+00:00,10858.531817841626
2022-06-18 00:00:00+00:00,10858.531817841626
2022-06-19 00:00:00+00:00,10870.586058260706
2022-06-20 00:00:00+00:00,10935.972812863818
2022-06-21 00:00:00+00:00,10935.994098663428
2022-06-22 00:00:00+00:00,10949.26609266291
2022-06-23 00:00:00+00:00,10949.26609266291
2022-06-24 00:00:00+00:00,10949.26609266291
2022-06-25 00:00:00+00:00,10949.26609266291
2022-06-26 00:00:00+00:00,10949.26609266291
2022-06-27 00:00:00+00:00,10949.26609266291
2022-06-28 00:00:00+00:00,10949.26609266291
2022-06-29 00:00:00+00:00,10949.26609266291
2022-06-30 00:00:00+00:00,10949.26609266291
2022-07-01 00:00:00+00:00,10949.26609266291
2022-07-02 00:00:00+00:00,10949.26609266291
2022-07-03 00:00:00+00:00,10949.26609266291
2022-07-04 00:00:00+00:00,10949.26609266291
2022-07-05 00:00:00+00:00,10949.26609266291
2022-07-06 00:00:00+00:00,10949.26609266291
2022-07-07 00:00:00+00:00,10949.26609266291
2022-07-08 00:00:00+00:00,10949.26609266291
2022-07-09 00:00:00+00:00,10949.26609266291
2022-07-10 00:00:00+00:00,10949.26609266291
2022-07-11 00:00:00+00:00,10949.26609266291
2022-07-12 00:00:00+00:00,10949.26609266291
2022-07-13 00:00:00+00:00,10949.26609266291
2022-07-14 00:00:00+00:00,10949.26609266291
2022-07-15 00:00:00+00:00,10949.26609266291
2022-07-16 00:00:00+00:00,10949.26609266291
2022-07-17 00:00:00+00:00,10949.26609266291
2022-07-18 00:00:00+00:00,10949.26609266291
2022-07-19 00:00:00+00:00,10894.90149501291
2022-07-20 00:00:00+00:00,10894.90149501291
2022-07-21 00:00:00+00:00,10894.90149501291
2022-07-22 00:00:00+00:00,10894.90149501291
2022-07-23 00:00:00+00:00,10894.90149501291
2022-07-24 00:00:00+00:00,10894.90149501291
2022-07-25 00:00:00+00:00,10894.90149501291
2022-07-26 00:00:00+00:00,10894.90149501291
2022-07-27 00:00:00+00:00,10894.90149501291
2022-07-28 00:00:00+00:00,10878.721630212909
2022-07-29 00:00:00+00:00,10841.100609311532
2022-07-30 00:00:00+00:00,10841.100609311532
2022-07-31 00:00:00+00:00,10841.100609311532
2022-08-01 00:00:00+00:00,10841.100609311532
2022-08-02 00:00:00+00:00,10841.100609311532
2022-08-03 00:00:00+00:00,10841.100609311532
2022-08-04 00:00:00+00:00,10841.100609311532
2022-08-05 00:00:00+00:00,10841.100609311532
2022-08-06 00:00:00+00:00,10841.100609311532
2022-08-07 00:00:00+00:00,10841.100609311532
2022-08-08 00:00:00+00:00,10841.100609311532
2022-08-09 00:00:00+00:00,10841.100609311532
2022-08-10 00:00:00+00:00,10841.100609311532
2022-08-11 00:00:00+00:00,10841.100609311532
2022-08-12 00:00:00+00:00,10841.100609311532
2022-08-13 00:00:00+00:00,10841.100609311532
2022-08-14 00:00:00+00:00,10841.100609311532
2022-08-15 00:00:00+00:00,10841.100609311532
2022-08-16 00:00:00+00:00,10841.100609311532
2022-08-17 00:00:00+00:00,10841.100609311532
2022-08-18 00:00:00+00:00,10841.100609311532
2022-08-19 00:00:00+00:00,10841.100609311532
2022-08-20 00:00:00+00:00,10787.017801811531
2022-08-21 00:00:00+00:00,10787.017801811531
2022-08-22 00:00:00+00:00,10787.017801811531
2022-08-23 00:00:00+00:00,10787.017801811531
2022-08-24 00:00:00+00:00,10787.017801811531
2022-08-25 00:00:00+00:00,10787.017801811531
2022-08-26 00:00:00+00:00,10787.017801811531
2022-08-27 00:00:00+00:00,10787.017801811531
2022-08-28 00:00:00+00:00,10787.017801811531
2022-08-29 00:00:00+00:00,10787.017801811531
2022-08-30 00:00:00+00:00,10787.017801811531
2022-08-31 00:00:00+00:00,10787.017801811531
2022-09-01 00:00:00+00:00,10787.017801811531
2022-09-02 00:00:00+00:00,10787.017801811531
2022-09-03 00:00:00+00:00,10787.017801811531
2022-09-04 00:00:00+00:00,10787.017801811531
2022-09-05 00:00:00+00:00,10787.017801811531
2022-09-06 00:00:00+00:00,10787.017801811531
2022-09-07 00:00:00+00:00,10787.017801811531
2022-09-08 00:00:00+00:00,10787.017801811531
2022-09-09 00:00:00+00:00,10787.017801811531
2022-09-10 00:00:00+00:00,10733.560323576616
2022-09-11 00:00:00+00:00,10733.560323576616
2022-09-12 00:00:00+00:00,10733.560323576616
2022-09-13 00:00:00+00:00,10733.560323576616
2022-09-14 00:00:00+00:00,10680.031382276617
2022-09-15 00:00:00+00:00,10680.031382276617
2022-09-16 00:00:00+00:00,10680.031382276617
2022-09-17 00:00:00+00:00,10680.031382276617
2022-09-18 00:00:00+00:00,10680.031382276617
2022-09-19 00:00:00+00:00,10680.031382276617
2022-09-20 00:00:00+00:00,10680.031382276617
2022-09-21 00:00:00+00:00,10680.031382276617
2022-09-22 00:00:00+00:00,10680.031382276617
2022-09-23 00:00:00+00:00,10680.031382276617
2022-09-24 00:00:00+00:00,10680.031382276617
2022-09-25 00:00:00+00:00,10680.031382276617
2022-09-26 00:00:00+00:00,10680.031382276617
2022-09-27 00:00:00+00:00,10680.031382276617
2022-09-28 00:00:00+00:00,10680.031382276617
2022-09-29 00:00:00+00:00,10680.031382276617
2022-09-30 00:00:00+00:00,10680.031382276617
2022-10-01 00:00:00+00:00,10680.031382276617
2022-10-02 00:00:00+00:00,10680.031382276617
2022-10-03 00:00:00+00:00,10680.031382276617
2022-10-04 00:00:00+00:00,10680.031382276617
2022-10-05 00:00:00+00:00,10680.031382276617
2022-10-06 00:00:00+00:00,10680.031382276617
2022-10-07 00:00:00+00:00,10680.031382276617
2022-10-08 00:00:00+00:00,10680.031382276617
2022-10-09 00:00:00+00:00,10680.031382276617
2022-10-10 00:00:00+00:00,10680.031382276617
2022-10-11 00:00:00+00:00,10680.031382276617
2022-10-12 00:00:00+00:00,10680.031382276617
2022-10-13 00:00:00+00:00,10680.031382276617
2022-10-14 00:00:00+00:00,10680.031382276617
2022-10-15 00:00:00+00:00,10680.031382276617
2022-10-16 00:00:00+00:00,10680.031382276617
2022-10-17 00:00:00+00:00,10680.031382276617
2022-10-18 00:00:00+00:00,10680.031382276617
2022-10-19 00:00:00+00:00,10680.031382276617
2022-10-20 00:00:00+00:00,10680.031382276617
2022-10-21 00:00:00+00:00,10680.031382276617
2022-10-22 00:00:00+00:00,10680.031382276617
2022-10-23 00:00:00+00:00,10680.031382276617
2022-10-24 00:00:00+00:00,10680.031382276617
2022-10-25 00:00:00+00:00,10680.031382276617
2022-10-26 00:00:00+00:00,10680.031382276617
2022-10-27 00:00:00+00:00,10680.031382276617
2022-10-28 00:00:00+00:00,10680.031382276617
2022-10-29 00:00:00+00:00,10680.031382276617
2022-10-30 00:00:00+00:00,10680.031382276617
2022-10-31 00:00:00+00:00,10680.031382276617
2022-11-01 00:00:00+00:00,10680.031382276617
2022-11-02 00:00:00+00:00,10680.031382276617
2022-11-03 00:00:00+00:00,10680.031382276617
2022-11-04 00:00:00+00:00,10680.031382276617
2022-11-05 00:00:00+00:00,10680.031382276617
2022-11-06 00:00:00+00:00,10680.031382276617
2022-11-07 00:00:00+00:00,10680.031382276617
2022-11-08 00:00:00+00:00,10680.031382276617
2022-11-09 00:00:00+00:00,10521.401375526617
2022-11-10 00:00:00+00:00,10469.337078626617
2022-11-11 00:00:00+00:00,10469.337078626617
2022-11-12 00:00:00+00:00,10526.22200666908
2022-11-13 00:00:00+00:00,10494.928704145066
2022-11-14 00:00:00+00:00,10434.788721713145
2022-11-15 00:00:00+00:00,10417.205948060271
2022-11-16 00:00:00+00:00,10417.205948060271
2022-11-17 00:00:00+00:00,10417.205948060271
2022-11-18 00:00:00+00:00,10417.205948060271
2022-11-19 00:00:00+00:00,10417.205948060271
2022-11-20 00:00:00+00:00,10417.205948060271
2022-11-21 00:00:00+00:00,10417.205948060271
2022-11-22 00:00:00+00:00,10417.205948060271
2022-11-23 00:00:00+00:00,10417.205948060271
2022-11-24 00:00:00+00:00,10417.205948060271
2022-11-25 00:00:00+00:00,10417.205948060271
2022-11-26 00:00:00+00:00,10417.205948060271
2022-11-27 00:00:00+00:00,10417.205948060271
2022-11-28 00:00:00+00:00,10417.205948060271
2022-11-29 00:00:00+00:00,10417.205948060271
2022-11-30 00:00:00+00:00,10417.205948060271
2022-12-01 00:00:00+00:00,10417.205948060271
2022-12-02 00:00:00+00:00,10417.205948060271
2022-12-03 00:00:00+00:00,10417.205948060271
2022-12-04 00:00:00+00:00,10417.205948060271
2022-12-05 00:00:00+00:00,10417.205948060271
2022-12-06 00:00:00+00:00,10417.205948060271
2022-12-07 00:00:00+00:00,10417.205948060271
2022-12-08 00:00:00+00:00,10417.205948060271
2022-12-09 00:00:00+00:00,10417.205948060271
2022-12-10 00:00:00+00:00,10417.205948060271
2022-12-11 00:00:00+00:00,10417.205948060271
2022-12-12 00:00:00+00:00,10417.205948060271
2022-12-13 00:00:00+00:00,10417.205948060271
2022-12-14 00:00:00+00:00,10417.205948060271
2022-12-15 00:00:00+00:00,10417.205948060271
2022-12-16 00:00:00+00:00,10417.205948060271
2022-12-17 00:00:00+00:00,10417.205948060271
2022-12-18 00:00:00+00:00,10417.205948060271
2022-12-19 00:00:00+00:00,10417.205948060271
2022-12-20 00:00:00+00:00,10417.205948060271
2022-12-21 00:00:00+00:00,10417.205948060271
2022-12-22 00:00:00+00:00,10417.205948060271
2022-12-23 00:00:00+00:00,10417.205948060271
2022-12-24 00:00:00+00:00,10417.205948060271
2022-12-25 00:00:00+00:00,10417.205948060271
2022-12-26 00:00:00+00:00,10417.205948060271
2022-12-27 00:00:00+00:00,10417.205948060271
2022-12-28 00:00:00+00:00,10417.205948060271
2022-12-29 00:00:00+00:00,10417.205948060271
2022-12-30 00:00:00+00:00,10417.205948060271
2022-12-31 00:00:00+00:00,10417.205948060271
2023-01-01 00:00:00+00:00,10417.205948060271
2023-01-02 00:00:00+00:00,10417.205948060271
2023-01-03 00:00:00+00:00,10417.205948060271
2023-01-04 00:00:00+00:00,10417.205948060271
2023-01-05 00:00:00+00:00,10417.205948060271
2023-01-06 00:00:00+00:00,10417.205948060271
2023-01-07 00:00:00+00:00,10417.205948060271
2023-01-08 00:00:00+00:00,10417.205948060271
2023-01-09 00:00:00+00:00,10417.205948060271
2023-01-10 00:00:00+00:00,10417.205948060271
2023-01-11 00:00:00+00:00,10417.205948060271
2023-01-12 00:00:00+00:00,10417.205948060271
2023-01-13 00:00:00+00:00,10365.468084360271
2023-01-14 00:00:00+00:00,10365.468084360271
2023-01-15 00:00:00+00:00,10346.55562053805
2023-01-16 00:00:00+00:00,10353.842109630825
2023-01-17 00:00:00+00:00,10315.713644670823
2023-01-18 00:00:00+00:00,10315.713644670823
2023-01-19 00:00:00+00:00,10315.713644670823
2023-01-20 00:00:00+00:00,10315.713644670823
2023-01-21 00:00:00+00:00,10264.342595520824
2023-01-22 00:00:00+00:00,10264.342595520824
2023-01-23 00:00:00+00:00,10264.342595520824
2023-01-24 00:00:00+00:00,10264.342595520824
2023-01-25 00:00:00+00:00,10264.342595520824
2023-01-26 00:00:00+00:00,10264.342595520824
2023-01-27 00:00:00+00:00,10264.342595520824
2023-01-28 00:00:00+00:00,10264.342595520824
2023-01-29 00:00:00+00:00,10264.342595520824
2023-01-30 00:00:00+00:00,10264.342595520824
2023-01-31 00:00:00+00:00,10275.563334540104
2023-02-01 00:00:00+00:00,10312.718192249897
2023-02-02 00:00:00+00:00,10388.365374429495
2023-02-03 00:00:00+00:00,10363.053811898286
2023-02-04 00:00:00+00:00,10363.053811898286
2023-02-05 00:00:00+00:00,10363.053811898286
2023-02-06 00:00:00+00:00,10363.053811898286
2023-02-07 00:00:00+00:00,10363.053811898286
2023-02-08 00:00:00+00:00,10363.053811898286
2023-02-09 00:00:00+00:00,10363.053811898286
2023-02-10 00:00:00+00:00,10311.426608298287
2023-02-11 00:00:00+00:00,10311.426608298287
2023-02-12 00:00:00+00:00,10311.426608298287
2023-02-13 00:00:00+00:00,10311.426608298287
2023-02-14 00:00:00+00:00,10311.426608298287
2023-02-15 00:00:00+00:00,10311.426608298287
2023-02-16 00:00:00+00:00,10311.426608298287
2023-02-17 00:00:00+00:00,10311.426608298287
2023-02-18 00:00:00+00:00,10298.724403850087
2023-02-19 00:00:00+00:00,10293.837536230572
2023-02-20 00:00:00+00:00,10261.238378876062
2023-02-21 00:00:00+00:00,10261.238378876062
2023-02-22 00:00:00+00:00,10261.238378876062
2023-02-23 00:00:00+00:00,10261.238378876062
2023-02-24 00:00:00+00:00,10261.238378876062
2023-02-25 00:00:00+00:00,10261.238378876062
2023-02-26 00:00:00+00:00,10261.238378876062
2023-02-27 00:00:00+00:00,10261.238378876062
2023-02-28 00:00:00+00:00,10261.238378876062
2023-03-01 00:00:00+00:00,10261.238378876062
2023-03-02 00:00:00+00:00,10261.238378876062
2023-03-03 00:00:00+00:00,10261.238378876062
2023-03-04 00:00:00+00:00,10256.282482014587
2023-03-05 00:00:00+00:00,10255.633471543313
2023-03-06 00:00:00+00:00,10262.019233283376
2023-03-07 00:00:00+00:00,10253.897366119121
2023-03-08 00:00:00+00:00,10253.897366119121
2023-03-09 00:00:00+00:00,10253.897366119121
2023-03-10 00:00:00+00:00,10253.897366119121
2023-03-11 00:00:00+00:00,10253.897366119121
2023-03-12 00:00:00+00:00,10253.897366119121
2023-03-13 00:00:00+00:00,10253.897366119121
2023-03-14 00:00:00+00:00,10253.897366119121
2023-03-15 00:00:00+00:00,10303.679995169121
2023-03-16 00:00:00+00:00,10335.428477268846
2023-03-17 00:00:00+00:00,10281.55406420962
2023-03-18 00:00:00+00:00,10154.339734336469
2023-03-19 00:00:00+00:00,10154.339734336469
2023-03-20 00:00:00+00:00,10154.339734336469
2023-03-21 00:00:00+00:00,10154.339734336469
2023-03-22 00:00:00+00:00,10154.339734336469
2023-03-23 00:00:00+00:00,10154.339734336469
2023-03-24 00:00:00+00:00,10154.339734336469
2023-03-25 00:00:00+00:00,10154.339734336469
2023-03-26 00:00:00+00:00,10154.339734336469
2023-03-27 00:00:00+00:00,10154.339734336469
2023-03-28 00:00:00+00:00,10154.339734336469
2023-03-29 00:00:00+00:00,10154.339734336469
2023-03-30 00:00:00+00:00,10154.339734336469
2023-03-31 00:00:00+00:00,10154.339734336469
2023-04-01 00:00:00+00:00,10154.339734336469
2023-04-02 00:00:00+00:00,10154.339734336469
2023-04-03 00:00:00+00:00,10154.339734336469
2023-04-04 00:00:00+00:00,10154.339734336469
2023-04-05 00:00:00+00:00,10154.339734336469
2023-04-06 00:00:00+00:00,10154.339734336469
2023-04-07 00:00:00+00:00,10154.339734336469
2023-04-08 00:00:00+00:00,10154.339734336469
2023-04-09 00:00:00+00:00,10154.339734336469
2023-04-10 00:00:00+00:00,10154.339734336469
2023-04-11 00:00:00+00:00,10154.339734336469
2023-04-12 00:00:00+00:00,10154.339734336469
2023-04-13 00:00:00+00:00,10154.339734336469
2023-04-14 00:00:00+00:00,10154.339734336469
2023-04-15 00:00:00+00:00,10154.339734336469
2023-04-16 00:00:00+00:00,10154.339734336469
2023-04-17 00:00:00+00:00,10154.339734336469
2023-04-18 00:00:00+00:00,10154.339734336469
2023-04-19 00:00:00+00:00,10154.339734336469
2023-04-20 00:00:00+00:00,10154.339734336469
2023-04-21 00:00:00+00:00,10154.339734336469
2023-04-22 00:00:00+00:00,10154.339734336469
2023-04-23 00:00:00+00:00,10154.339734336469
2023-04-24 00:00:00+00:00,10154.339734336469
2023-04-25 00:00:00+00:00,10154.339734336469
2023-04-26 00:00:00+00:00,10154.339734336469
2023-04-27 00:00:00+00:00,10381.780837136468
2023-04-28 00:00:00+00:00,10423.852271859989
2023-04-29 00:00:00+00:00,10450.047249750854
2023-04-30 00:00:00+00:00,10462.91704111185
2023-05-01 00:00:00+00:00,10406.565287626314
2023-05-02 00:00:00+00:00,10430.257334876314
2023-05-03 00:00:00+00:00,10534.53040279957
2023-05-04 00:00:00+00:00,10629.056177927534
2023-05-05 00:00:00+00:00,10629.056177927534
2023-05-06 00:00:00+00:00,10629.056177927534
2023-05-07 00:00:00+00:00,10629.056177927534
2023-05-08 00:00:00+00:00,10629.056177927534
2023-05-09 00:00:00+00:00,10629.056177927534
2023-05-10 00:00:00+00:00,10629.056177927534
2023-05-11 00:00:00+00:00,10629.056177927534
2023-05-12 00:00:00+00:00,10629.056177927534
2023-05-13 00:00:00+00:00,10629.056177927534
2023-05-14 00:00:00+00:00,10629.056177927534
2023-05-15 00:00:00+00:00,10629.056177927534
2023-05-16 00:00:00+00:00,10629.056177927534
2023-05-17 00:00:00+00:00,10629.056177927534
2023-05-18 00:00:00+00:00,10629.056177927534
2023-05-19 00:00:00+00:00,10629.056177927534
2023-05-20 00:00:00+00:00,10629.056177927534
2023-05-21 00:00:00+00:00,10629.056177927534
2023-05-22 00:00:00+00:00,10629.056177927534
2023-05-23 00:00:00+00:00,10629.056177927534
2023-05-24 00:00:00+00:00,10629.056177927534
2023-05-25 00:00:00+00:00,10629.056177927534
2023-05-26 00:00:00+00:00,10629.056177927534
2023-05-27 00:00:00+00:00,10629.056177927534
2023-05-28 00:00:00+00:00,10629.056177927534
2023-05-29 00:00:00+00:00,10629.056177927534
2023-05-30 00:00:00+00:00,10629.056177927534
2023-05-31 00:00:00+00:00,10629.056177927534
2023-06-01 00:00:00+00:00,10629.056177927534
2023-06-02 00:00:00+00:00,10629.056177927534
2023-06-03 00:00:00+00:00,10629.056177927534
2023-06-04 00:00:00+00:00,10629.056177927534
2023-06-05 00:00:00+00:00,10629.056177927534
2023-06-06 00:00:00+00:00,10629.056177927534
2023-06-07 00:00:00+00:00,10576.031104727534
2023-06-08 00:00:00+00:00,10573.795000335582
2023-06-09 00:00:00+00:00,10596.150936769242
2023-06-10 00:00:00+00:00,10592.68931051309
2023-06-11 00:00:00+00:00,10537.479228220061
2023-06-12 00:00:00+00:00,10546.502771274549
2023-06-13 00:00:00+00:00,10544.3324621966
2023-06-14 00:00:00+00:00,10537.238749453223
2023-06-15 00:00:00+00:00,10537.397775434523
2023-06-16 00:00:00+00:00,10591.338715418056
2023-06-17 00:00:00+00:00,10677.156616374205
2023-06-18 00:00:00+00:00,10695.141995266451
2023-06-19 00:00:00+00:00,10695.141995266451
2023-06-20 00:00:00+00:00,10695.141995266451
2023-06-21 00:00:00+00:00,10641.751392616452
2023-06-22 00:00:00+00:00,10641.751392616452
2023-06-23 00:00:00+00:00,10641.751392616452
2023-06-24 00:00:00+00:00,10655.020933516453
2023-06-25 00:00:00+00:00,10665.654914988703
2023-06-26 00:00:00+00:00,10670.626320725312
2023-06-27 00:00:00+00:00,10680.141691495954
2023-06-28 00:00:00+00:00,10680.141691495954
2023-06-29 00:00:00+00:00,10680.141691495954
2023-06-30 00:00:00+00:00,10680.141691495954
2023-07-01 00:00:00+00:00,10680.141691495954
2023-07-02 00:00:00+00:00,10680.141691495954
2023-07-03 00:00:00+00:00,10680.141691495954
2023-07-04 00:00:00+00:00,10680.141691495954
2023-07-05 00:00:00+00:00,10680.141691495954
2023-07-06 00:00:00+00:00,10680.141691495954
2023-07-07 00:00:00+00:00,10680.141691495954
2023-07-08 00:00:00+00:00,10680.141691495954
2023-07-09 00:00:00+00:00,10680.141691495954
2023-07-10 00:00:00+00:00,10680.141691495954
2023-07-11 00:00:00+00:00,10680.141691495954
2023-07-12 00:00:00+00:00,10680.141691495954
2023-07-13 00:00:00+00:00,10680.141691495954
2023-07-14 00:00:00+00:00,10697.177104472223
2023-07-15 00:00:00+00:00,10839.174136257669
2023-07-16 00:00:00+00:00,10841.379997396327
2023-07-17 00:00:00+00:00,10843.830594263865
2023-07-18 00:00:00+00:00,10843.830594263865
2023-07-19 00:00:00+00:00,10843.830594263865
2023-07-20 00:00:00+00:00,10843.830594263865
2023-07-21 00:00:00+00:00,10843.830594263865
2023-07-22 00:00:00+00:00,10843.830594263865
2023-07-23 00:00:00+00:00,10843.830594263865
2023-07-24 00:00:00+00:00,10843.830594263865
2023-07-25 00:00:00+00:00,10849.34813523708
2023-07-26 00:00:00+00:00,10855.020538877454
2023-07-27 00:00:00+00:00,10869.173826676575
2023-07-28 00:00:00+00:00,10863.673919064096
2023-07-29 00:00:00+00:00,10863.673919064096
2023-07-30 00:00:00+00:00,10863.673919064096
2023-07-31 00:00:00+00:00,10863.673919064096
2023-08-01 00:00:00+00:00,10863.673919064096
2023-08-02 00:00:00+00:00,10863.673919064096
2023-08-03 00:00:00+00:00,10863.673919064096
2023-08-04 00:00:00+00:00,10863.673919064096
2023-08-05 00:00:00+00:00,10863.673919064096
2023-08-06 00:00:00+00:00,10863.673919064096
2023-08-07 00:00:00+00:00,10863.673919064096
2023-08-08 00:00:00+00:00,10863.673919064096
2023-08-09 00:00:00+00:00,10880.035521938316
2023-08-10 00:00:00+00:00,10902.346675613218
2023-08-11 00:00:00+00:00,10918.015462414403
2023-08-12 00:00:00+00:00,10919.06019118048
2023-08-13 00:00:00+00:00,10919.06019118048
2023-08-14 00:00:00+00:00,10919.06019118048
2023-08-15 00:00:00+00:00,10919.06019118048
2023-08-16 00:00:00+00:00,10919.06019118048
2023-08-17 00:00:00+00:00,10919.06019118048
2023-08-18 00:00:00+00:00,10864.50397198048
2023-08-19 00:00:00+00:00,10879.60114258048
2023-08-20 00:00:00+00:00,10885.437595561736
2023-08-21 00:00:00+00:00,10896.588289680121
2023-08-22 00:00:00+00:00,10878.99669418868
2023-08-23 00:00:00+00:00,10878.99669418868
2023-08-24 00:00:00+00:00,10878.99669418868
2023-08-25 00:00:00+00:00,10878.99669418868
2023-08-26 00:00:00+00:00,10878.99669418868
2023-08-27 00:00:00+00:00,10878.99669418868
2023-08-28 00:00:00+00:00,10878.99669418868
2023-08-29 00:00:00+00:00,10878.99669418868
2023-08-30 00:00:00+00:00,10878.99669418868
2023-08-31 00:00:00+00:00,10878.99669418868
2023-09-01 00:00:00+00:00,10824.73318378868
2023-09-02 00:00:00+00:00,10824.73318378868
2023-09-03 00:00:00+00:00,10824.73318378868
2023-09-04 00:00:00+00:00,10824.73318378868
2023-09-05 00:00:00+00:00,10824.73318378868
2023-09-06 00:00:00+00:00,10824.73318378868
2023-09-07 00:00:00+00:00,10824.73318378868
2023-09-08 00:00:00+00:00,10824.73318378868
2023-09-09 00:00:00+00:00,10824.73318378868
2023-09-10 00:00:00+00:00,10824.73318378868
2023-09-11 00:00:00+00:00,10824.73318378868
2023-09-12 00:00:00+00:00,10832.83786521989
2023-09-13 00:00:00+00:00,10939.910694975388
2023-09-14 00:00:00+00:00,11000.439566471283
2023-09-15 00:00:00+00:00,11065.125710494314
2023-09-16 00:00:00+00:00,11065.125710494314
2023-09-17 00:00:00+00:00,11065.125710494314
2023-09-18 00:00:00+00:00,11065.125710494314
2023-09-19 00:00:00+00:00,11065.125710494314
2023-09-20 00:00:00+00:00,11065.125710494314
2023-09-21 00:00:00+00:00,11065.125710494314
2023-09-22 00:00:00+00:00,11065.125710494314
2023-09-23 00:00:00+00:00,11065.125710494314
2023-09-24 00:00:00+00:00,11065.125710494314
2023-09-25 00:00:00+00:00,11065.125710494314
2023-09-26 00:00:00+00:00,11065.125710494314
2023-09-27 00:00:00+00:00,11065.125710494314
2023-09-28 00:00:00+00:00,11065.125710494314
2023-09-29 00:00:00+00:00,11065.125710494314
2023-09-30 00:00:00+00:00,11065.125710494314
2023-10-01 00:00:00+00:00,11065.125710494314
2023-10-02 00:00:00+00:00,11065.125710494314
2023-10-03 00:00:00+00:00,11065.125710494314
2023-10-04 00:00:00+00:00,11065.125710494314
2023-10-05 00:00:00+00:00,11065.125710494314
2023-10-06 00:00:00+00:00,11065.125710494314
2023-10-07 00:00:00+00:00,11065.125710494314
2023-10-08 00:00:00+00:00,11065.125710494314
2023-10-09 00:00:00+00:00,11065.125710494314
2023-10-10 00:00:00+00:00,11065.125710494314
2023-10-11 00:00:00+00:00,11065.125710494314
2023-10-12 00:00:00+00:00,11065.125710494314
2023-10-13 00:00:00+00:00,11065.125710494314
2023-10-14 00:00:00+00:00,11065.125710494314
2023-10-15 00:00:00+00:00,11065.125710494314
2023-10-16 00:00:00+00:00,11065.125710494314
2023-10-17 00:00:00+00:00,11055.306796971754
2023-10-18 00:00:00+00:00,11057.275734980769
2023-10-19 00:00:00+00:00,11058.694378535725
2023-10-20 00:00:00+00:00,11055.337035871758
2023-10-21 00:00:00+00:00,10990.64926453991
2023-10-22 00:00:00+00:00,10946.036589757194
2023-10-23 00:00:00+00:00,10946.036589757194
2023-10-24 00:00:00+00:00,10891.398989257194
2023-10-25 00:00:00+00:00,10955.984060627598
2023-10-26 00:00:00+00:00,10838.629759236597
2023-10-27 00:00:00+00:00,10838.629759236597
2023-10-28 00:00:00+00:00,10838.629759236597
2023-10-29 00:00:00+00:00,10838.629759236597
2023-10-30 00:00:00+00:00,10838.629759236597
2023-10-31 00:00:00+00:00,10838.629759236597
2023-11-01 00:00:00+00:00,10838.629759236597
2023-11-02 00:00:00+00:00,10838.629759236597
2023-11-03 00:00:00+00:00,10838.629759236597
2023-11-04 00:00:00+00:00,10838.629759236597
2023-11-05 00:00:00+00:00,10838.629759236597
2023-11-06 00:00:00+00:00,10838.629759236597
2023-11-07 00:00:00+00:00,10838.629759236597
2023-11-08 00:00:00+00:00,10838.629759236597
2023-11-09 00:00:00+00:00,10838.629759236597
2023-11-10 00:00:00+00:00,10876.477189178171
2023-11-11 00:00:00+00:00,10849.434424682246
2023-11-12 00:00:00+00:00,10857.512117003245
2023-11-13 00:00:00+00:00,10856.89897985626
2023-11-14 00:00:00+00:00,10856.89897985626
2023-11-15 00:00:00+00:00,10856.89897985626
2023-11-16 00:00:00+00:00,10817.225114250341
2023-11-17 00:00:00+00:00,10939.847164452058
2023-11-18 00:00:00+00:00,10908.702924798587
2023-11-19 00:00:00+00:00,10904.402759065975
2023-11-20 00:00:00+00:00,10904.402759065975
2023-11-21 00:00:00+00:00,10904.402759065975
2023-11-22 00:00:00+00:00,10904.402759065975
2023-11-23 00:00:00+00:00,10920.539740268976
2023-11-24 00:00:00+00:00,10933.350636065974
2023-11-25 00:00:00+00:00,10851.914025065975
2023-11-26 00:00:00+00:00,10851.914025065975
2023-11-27 00:00:00+00:00,10851.914025065975
2023-11-28 00:00:00+00:00,10851.914025065975
2023-11-29 00:00:00+00:00,10851.914025065975
2023-11-30 00:00:00+00:00,10851.914025065975
2023-12-01 00:00:00+00:00,10851.914025065975
2023-12-02 00:00:00+00:00,10851.914025065975
2023-12-03 00:00:00+00:00,10851.914025065975
2023-12-04 00:00:00+00:00,10851.914025065975
2023-12-05 00:00:00+00:00,10777.803786065973
2023-12-06 00:00:00+00:00,10729.668316877012
2023-12-07 00:00:00+00:00,10754.595942753946
2023-12-08 00:00:00+00:00,10792.76401236028
2023-12-09 00:00:00+00:00,10695.761484151875
2023-12-10 00:00:00+00:00,10695.761484151875
2023-12-11 00:00:00+00:00,10695.761484151875
2023-12-12 00:00:00+00:00,10672.742691442476
2023-12-13 00:00:00+00:00,10677.857765743638
2023-12-14 00:00:00+00:00,10709.014431998761
2023-12-15 00:00:00+00:00,10706.323907178761
2023-12-16 00:00:00+00:00,10706.323907178761
2023-12-17 00:00:00+00:00,10706.323907178761
2023-12-18 00:00:00+00:00,10706.323907178761
2023-12-19 00:00:00+00:00,10706.323907178761
2023-12-20 00:00:00+00:00,10706.323907178761
2023-12-21 00:00:00+00:00,10706.323907178761
2023-12-22 00:00:00+00:00,10706.323907178761
2023-12-23 00:00:00+00:00,10706.323907178761
2023-12-24 00:00:00+00:00,10706.323907178761
2023-12-25 00:00:00+00:00,10706.323907178761
2023-12-26 00:00:00+00:00,10706.323907178761
2023-12-27 00:00:00+00:00,10706.323907178761
2023-12-28 00:00:00+00:00,10706.323907178761
2023-12-29 00:00:00+00:00,10706.323907178761
2023-12-30 00:00:00+00:00,10706.323907178761
2023-12-31 00:00:00+00:00,10706.323907178761
2024-01-01 00:00:00+00:00,10706.323907178761
2024-01-02 00:00:00+00:00,10706.323907178761
2024-01-03 00:00:00+00:00,10706.323907178761
2024-01-04 00:00:00+00:00,10707.13443241876
2024-01-05 00:00:00+00:00,10761.093215946046
2024-01-06 00:00:00+00:00,10760.367074991362
2024-01-07 00:00:00+00:00,10736.21576583553
2024-01-08 00:00:00+00:00,10736.21576583553
2024-01-09 00:00:00+00:00,10719.721439829342
2024-01-10 00:00:00+00:00,10684.07480704202
2024-01-11 00:00:00+00:00,10684.07480704202
2024-01-12 00:00:00+00:00,10684.07480704202
2024-01-13 00:00:00+00:00,10631.33956274202
2024-01-14 00:00:00+00:00,10631.33956274202
2024-01-15 00:00:00+00:00,10631.33956274202
2024-01-16 00:00:00+00:00,10631.33956274202
2024-01-17 00:00:00+00:00,10631.33956274202
2024-01-18 00:00:00+00:00,10631.33956274202
2024-01-19 00:00:00+00:00,10657.783510933648
2024-01-20 00:00:00+00:00,10577.333975391188
2024-01-21 00:00:00+00:00,10577.333975391188
2024-01-22 00:00:00+00:00,10577.333975391188
2024-01-23 00:00:00+00:00,10555.934169601747
2024-01-24 00:00:00+00:00,10523.877770585315
2024-01-25 00:00:00+00:00,10523.877770585315
2024-01-26 00:00:00+00:00,10523.877770585315
2024-01-27 00:00:00+00:00,10523.877770585315
2024-01-28 00:00:00+00:00,10523.877770585315
2024-01-29 00:00:00+00:00,10523.877770585315
2024-01-30 00:00:00+00:00,10523.877770585315
2024-01-31 00:00:00+00:00,10523.877770585315
2024-02-01 00:00:00+00:00,10523.877770585315
2024-02-02 00:00:00+00:00,10523.877770585315
2024-02-03 00:00:00+00:00,10523.877770585315
2024-02-04 00:00:00+00:00,10523.877770585315
2024-02-05 00:00:00+00:00,10523.877770585315
2024-02-06 00:00:00+00:00,10523.877770585315
2024-02-07 00:00:00+00:00,10523.877770585315
2024-02-08 00:00:00+00:00,10523.877770585315
2024-02-09 00:00:00+00:00,10523.877770585315
2024-02-10 00:00:00+00:00,10471.543142463765
2024-02-11 00:00:00+00:00,10471.543142463765
2024-02-12 00:00:00+00:00,10471.543142463765
2024-02-13 00:00:00+00:00,10471.543142463765
2024-02-14 00:00:00+00:00,10471.543142463765
2024-02-15 00:00:00+00:00,10471.543142463765
2024-02-16 00:00:00+00:00,10471.543142463765
2024-02-17 00:00:00+00:00,10471.543142463765
2024-02-18 00:00:00+00:00,10471.543142463765
2024-02-19 00:00:00+00:00,10471.543142463765
2024-02-20 00:00:00+00:00,10471.543142463765
2024-02-21 00:00:00+00:00,10471.543142463765
2024-02-22 00:00:00+00:00,10471.543142463765
2024-02-23 00:00:00+00:00,10471.543142463765
2024-02-24 00:00:00+00:00,10471.543142463765
2024-02-25 00:00:00+00:00,10471.543142463765
2024-02-26 00:00:00+00:00,10471.543142463765
2024-02-27 00:00:00+00:00,10471.543142463765
2024-02-28 00:00:00+00:00,10458.594260217358
2024-02-29 00:00:00+00:00,10368.79436351206
2024-03-01 00:00:00+00:00,10368.79436351206
2024-03-02 00:00:00+00:00,10368.79436351206
2024-03-03 00:00:00+00:00,10368.79436351206
2024-03-04 00:00:00+00:00,10368.79436351206
2024-03-05 00:00:00+00:00,10317.46585671206
2024-03-06 00:00:00+00:00,10250.914223123711
2024-03-07 00:00:00+00:00,10331.47645370074
2024-03-08 00:00:00+00:00,10354.83896982912
2024-03-09 00:00:00+00:00,10393.63634694429
2024-03-10 00:00:00+00:00,10393.63634694429
2024-03-11 00:00:00+00:00,10393.63634694429
2024-03-12 00:00:00+00:00,10393.63634694429
2024-03-13 00:00:00+00:00,10393.63634694429
2024-03-14 00:00:00+00:00,10393.63634694429
2024-03-15 00:00:00+00:00,10393.63634694429
2024-03-16 00:00:00+00:00,10451.225005903221
2024-03-17 00:00:00+00:00,10340.61611006239
2024-03-18 00:00:00+00:00,10340.61611006239
2024-03-19 00:00:00+00:00,10340.61611006239
2024-03-20 00:00:00+00:00,10237.415757684505
2024-03-21 00:00:00+00:00,10237.415757684505
2024-03-22 00:00:00+00:00,10237.415757684505
2024-03-23 00:00:00+00:00,10237.415757684505
2024-03-24 00:00:00+00:00,10237.415757684505
2024-03-25 00:00:00+00:00,10237.415757684505
2024-03-26 00:00:00+00:00,10237.415757684505
2024-03-27 00:00:00+00:00,10237.415757684505
2024-03-28 00:00:00+00:00,10237.415757684505
2024-03-29 00:00:00+00:00,10237.415757684505
2024-03-30 00:00:00+00:00,10237.415757684505
2024-03-31 00:00:00+00:00,10237.415757684505
2024-04-01 00:00:00+00:00,10237.415757684505
2024-04-02 00:00:00+00:00,10237.415757684505
2024-04-03 00:00:00+00:00,10252.083343525857
2024-04-04 00:00:00+00:00,10273.203758499849
2024-04-05 00:00:00+00:00,10388.287935324903
2024-04-06 00:00:00+00:00,10331.859861009356
2024-04-07 00:00:00+00:00,10331.859861009356
2024-04-08 00:00:00+00:00,10331.859861009356
2024-04-09 00:00:00+00:00,10331.859861009356
2024-04-10 00:00:00+00:00,10331.859861009356
2024-04-11 00:00:00+00:00,10331.859861009356
2024-04-12 00:00:00+00:00,10331.859861009356
2024-04-13 00:00:00+00:00,10331.859861009356
2024-04-14 00:00:00+00:00,10358.696844956836
2024-04-15 00:00:00+00:00,10405.73952762974
2024-04-16 00:00:00+00:00,10342.841345085151
2024-04-17 00:00:00+00:00,10357.626115624049
2024-04-18 00:00:00+00:00,10388.911839164386
2024-04-19 00:00:00+00:00,10476.412186823616
2024-04-20 00:00:00+00:00,10489.864451652295
2024-04-21 00:00:00+00:00,10517.622504624855
2024-04-22 00:00:00+00:00,10517.622504624855
2024-04-23 00:00:00+00:00,10517.622504624855
2024-04-24 00:00:00+00:00,10517.622504624855
2024-04-25 00:00:00+00:00,10517.622504624855
2024-04-26 00:00:00+00:00,10517.622504624855
2024-04-27 00:00:00+00:00,10517.622504624855
2024-04-28 00:00:00+00:00,10517.622504624855
2024-04-29 00:00:00+00:00,10517.622504624855
2024-04-30 00:00:00+00:00,10517.622504624855
2024-05-01 00:00:00+00:00,10457.528703200302
2024-05-02 00:00:00+00:00,10433.844471287468
2024-05-03 00:00:00+00:00,10462.521506977533
2024-05-04 00:00:00+00:00,10615.122807377636
2024-05-05 00:00:00+00:00,10653.766803597873
2024-05-06 00:00:00+00:00,10653.766803597873
2024-05-07 00:00:00+00:00,10653.766803597873
2024-05-08 00:00:00+00:00,10653.766803597873
2024-05-09 00:00:00+00:00,10653.766803597873
2024-05-10 00:00:00+00:00,10653.766803597873
2024-05-11 00:00:00+00:00,10653.766803597873
2024-05-12 00:00:00+00:00,10653.766803597873
2024-05-13 00:00:00+00:00,10653.766803597873
2024-05-14 00:00:00+00:00,10653.766803597873
2024-05-15 00:00:00+00:00,10653.766803597873
2024-05-16 00:00:00+00:00,10601.05138919412
2024-05-17 00:00:00+00:00,10601.05138919412
2024-05-18 00:00:00+00:00,10601.05138919412
2024-05-19 00:00:00+00:00,10601.05138919412
2024-05-20 00:00:00+00:00,10601.05138919412
2024-05-21 00:00:00+00:00,10548.34900719412
2024-05-22 00:00:00+00:00,10548.34900719412
2024-05-23 00:00:00+00:00,10548.34900719412
2024-05-24 00:00:00+00:00,10548.34900719412
2024-05-25 00:00:00+00:00,10548.34900719412
2024-05-26 00:00:00+00:00,10548.34900719412
2024-05-27 00:00:00+00:00,10548.34900719412
2024-05-28 00:00:00+00:00,10548.34900719412
2024-05-29 00:00:00+00:00,10548.34900719412
2024-05-30 00:00:00+00:00,10548.34900719412
2024-05-31 00:00:00+00:00,10548.34900719412
2024-06-01 00:00:00+00:00,10548.34900719412
2024-06-02 00:00:00+00:00,10548.34900719412
2024-06-03 00:00:00+00:00,10548.34900719412
2024-06-04 00:00:00+00:00,10548.34900719412
2024-06-05 00:00:00+00:00,10548.34900719412
2024-06-06 00:00:00+00:00,10548.34900719412
2024-06-07 00:00:00+00:00,10548.34900719412
2024-06-08 00:00:00+00:00,10548.34900719412
2024-06-09 00:00:00+00:00,10548.34900719412
2024-06-10 00:00:00+00:00,10548.34900719412
2024-06-11 00:00:00+00:00,10548.34900719412
2024-06-12 00:00:00+00:00,10577.45641317728
2024-06-13 00:00:00+00:00,10621.258580940914
2024-06-14 00:00:00+00:00,10550.424784342993
2024-06-15 00:00:00+00:00,10493.107816458287
2024-06-16 00:00:00+00:00,10493.107816458287
2024-06-17 00:00:00+00:00,10493.107816458287
2024-06-18 00:00:00+00:00,10493.107816458287
2024-06-19 00:00:00+00:00,10493.107816458287
2024-06-20 00:00:00+00:00,10493.107816458287
2024-06-21 00:00:00+00:00,10493.107816458287
2024-06-22 00:00:00+00:00,10493.107816458287
2024-06-23 00:00:00+00:00,10493.107816458287
2024-06-24 00:00:00+00:00,10493.107816458287
2024-06-25 00:00:00+00:00,10493.107816458287
2024-06-26 00:00:00+00:00,10493.107816458287
2024-06-27 00:00:00+00:00,10493.107816458287
2024-06-28 00:00:00+00:00,10493.107816458287
2024-06-29 00:00:00+00:00,10493.107816458287
2024-06-30 00:00:00+00:00,10493.107816458287
2024-07-01 00:00:00+00:00,10493.107816458287
2024-07-02 00:00:00+00:00,10493.107816458287
2024-07-03 00:00:00+00:00,10493.107816458287
2024-07-04 00:00:00+00:00,10491.048601411856
2024-07-05 00:00:00+00:00,10337.111424101857
2024-07-06 00:00:00+00:00,10426.719975945955
2024-07-07 00:00:00+00:00,10506.607209614433
2024-07-08 00:00:00+00:00,10386.708809231397
2024-07-09 00:00:00+00:00,10365.632014703895
2024-07-10 00:00:00+00:00,10365.632014703895
2024-07-11 00:00:00+00:00,10365.632014703895
2024-07-12 00:00:00+00:00,10365.632014703895
2024-07-13 00:00:00+00:00,10365.632014703895
2024-07-14 00:00:00+00:00,10365.632014703895
2024-07-15 00:00:00+00:00,10365.632014703895
2024-07-16 00:00:00+00:00,10314.009062453895
2024-07-17 00:00:00+00:00,10314.009062453895
2024-07-18 00:00:00+00:00,10314.009062453895
2024-07-19 00:00:00+00:00,10314.009062453895
2024-07-20 00:00:00+00:00,10344.571751080386
2024-07-21 00:00:00+00:00,10311.407355166908
2024-07-22 00:00:00+00:00,10262.891768397963
2024-07-23 00:00:00+00:00,10262.891768397963
2024-07-24 00:00:00+00:00,10262.891768397963
2024-07-25 00:00:00+00:00,10262.891768397963
2024-07-26 00:00:00+00:00,10262.891768397963
2024-07-27 00:00:00+00:00,10262.891768397963
2024-07-28 00:00:00+00:00,10262.891768397963
2024-07-29 00:00:00+00:00,10262.891768397963
2024-07-30 00:00:00+00:00,10262.891768397963
2024-07-31 00:00:00+00:00,10262.891768397963
2024-08-01 00:00:00+00:00,10262.891768397963
2024-08-02 00:00:00+00:00,10262.891768397963
2024-08-03 00:00:00+00:00,10211.334989794945
2024-08-04 00:00:00+00:00,10211.334989794945
2024-08-05 00:00:00+00:00,10208.576591394945
2024-08-06 00:00:00+00:00,10161.585610306896
2024-08-07 00:00:00+00:00,10194.217393344856
2024-08-08 00:00:00+00:00,10111.196234635088
2024-08-09 00:00:00+00:00,10061.06016323509
2024-08-10 00:00:00+00:00,10061.06016323509
2024-08-11 00:00:00+00:00,10061.06016323509
2024-08-12 00:00:00+00:00,10061.06016323509
2024-08-13 00:00:00+00:00,10061.06016323509
2024-08-14 00:00:00+00:00,10061.06016323509
2024-08-15 00:00:00+00:00,10061.06016323509
2024-08-16 00:00:00+00:00,10061.06016323509
2024-08-17 00:00:00+00:00,10061.06016323509
2024-08-18 00:00:00+00:00,10061.06016323509
2024-08-19 00:00:00+00:00,10061.06016323509
2024-08-20 00:00:00+00:00,10061.06016323509
2024-08-21 00:00:00+00:00,10061.06016323509
2024-08-22 00:00:00+00:00,10061.06016323509
2024-08-23 00:00:00+00:00,10061.06016323509
2024-08-24 00:00:00+00:00,10061.06016323509
2024-08-25 00:00:00+00:00,10061.06016323509
2024-08-26 00:00:00+00:00,10061.06016323509
2024-08-27 00:00:00+00:00,10061.06016323509
2024-08-28 00:00:00+00:00,10061.06016323509
2024-08-29 00:00:00+00:00,10061.06016323509
2024-08-30 00:00:00+00:00,10061.06016323509
2024-08-31 00:00:00+00:00,10061.06016323509
2024-09-01 00:00:00+00:00,10061.06016323509
2024-09-02 00:00:00+00:00,10061.06016323509
2024-09-03 00:00:00+00:00,10061.06016323509
2024-09-04 00:00:00+00:00,10061.06016323509
2024-09-05 00:00:00+00:00,10061.06016323509
2024-09-06 00:00:00+00:00,10061.06016323509
2024-09-07 00:00:00+00:00,10027.494836422758
2024-09-08 00:00:00+00:00,10035.356805006613
2024-09-09 00:00:00+00:00,10061.732948896102
2024-09-10 00:00:00+00:00,10150.402116318244
2024-09-11 00:00:00+00:00,10150.402116318244
2024-09-12 00:00:00+00:00,10150.402116318244
2024-09-13 00:00:00+00:00,10150.402116318244
2024-09-14 00:00:00+00:00,10150.402116318244
2024-09-15 00:00:00+00:00,10150.402116318244
2024-09-16 00:00:00+00:00,10150.402116318244
2024-09-17 00:00:00+00:00,10150.402116318244
2024-09-18 00:00:00+00:00,10185.838475296443
2024-09-19 00:00:00+00:00,10100.281152720972
2024-09-20 00:00:00+00:00,10100.281152720972
2024-09-21 00:00:00+00:00,10100.281152720972
2024-09-22 00:00:00+00:00,10100.281152720972
2024-09-23 00:00:00+00:00,10100.281152720972
2024-09-24 00:00:00+00:00,10100.281152720972
2024-09-25 00:00:00+00:00,10100.281152720972
2024-09-26 00:00:00+00:00,10100.281152720972
2024-09-27 00:00:00+00:00,10100.281152720972
2024-09-28 00:00:00+00:00,10100.281152720972
2024-09-29 00:00:00+00:00,10100.281152720972
2024-09-30 00:00:00+00:00,10100.281152720972
2024-10-01 00:00:00+00:00,10100.281152720972
2024-10-02 00:00:00+00:00,10100.281152720972
2024-10-03 00:00:00+00:00,10100.281152720972
2024-10-04 00:00:00+00:00,10100.281152720972
2024-10-05 00:00:00+00:00,10100.281152720972
2024-10-06 00:00:00+00:00,10100.281152720972
2024-10-07 00:00:00+00:00,10100.281152720972
2024-10-08 00:00:00+00:00,10100.281152720972
2024-10-09 00:00:00+00:00,10100.281152720972
2024-10-10 00:00:00+00:00,10100.281152720972
2024-10-11 00:00:00+00:00,10100.281152720972
2024-10-12 00:00:00+00:00,10100.281152720972
2024-10-13 00:00:00+00:00,10100.281152720972
2024-10-14 00:00:00+00:00,10100.281152720972
2024-10-15 00:00:00+00:00,10088.179112344764
2024-10-16 00:00:00+00:00,10051.728071004763
2024-10-17 00:00:00+00:00,10051.728071004763
2024-10-18 00:00:00+00:00,10051.728071004763
2024-10-19 00:00:00+00:00,10051.728071004763
2024-10-20 00:00:00+00:00,10051.728071004763
2024-10-21 00:00:00+00:00,10051.728071004763
2024-10-22 00:00:00+00:00,10051.728071004763
2024-10-23 00:00:00+00:00,10051.728071004763
2024-10-24 00:00:00+00:00,10051.728071004763
2024-10-25 00:00:00+00:00,10051.728071004763
2024-10-26 00:00:00+00:00,10051.728071004763
2024-10-27 00:00:00+00:00,10051.728071004763
2024-10-28 00:00:00+00:00,10051.728071004763
2024-10-29 00:00:00+00:00,10051.728071004763
2024-10-30 00:00:00+00:00,10051.728071004763
2024-10-31 00:00:00+00:00,10051.728071004763
2024-11-01 00:00:00+00:00,10051.728071004763
2024-11-02 00:00:00+00:00,10051.728071004763
2024-11-03 00:00:00+00:00,10051.728071004763
2024-11-04 00:00:00+00:00,10051.728071004763
2024-11-05 00:00:00+00:00,10051.728071004763
2024-11-06 00:00:00+00:00,10051.728071004763
2024-11-07 00:00:00+00:00,10002.171931404764
2024-11-08 00:00:00+00:00,10002.171931404764
2024-11-09 00:00:00+00:00,10002.171931404764
2024-11-10 00:00:00+00:00,10002.171931404764
2024-11-11 00:00:00+00:00,9950.429901504765
2024-11-12 00:00:00+00:00,9856.598891402557
2024-11-13 00:00:00+00:00,9856.598891402557
2024-11-14 00:00:00+00:00,9889.754003237516
2024-11-15 00:00:00+00:00,9960.385763772407
2024-11-16 00:00:00+00:00,9875.7853201338
2024-11-17 00:00:00+00:00,9885.767234868366
2024-11-18 00:00:00+00:00,9885.767234868366
2024-11-19 00:00:00+00:00,9885.767234868366
2024-11-20 00:00:00+00:00,9885.767234868366
2024-11-21 00:00:00+00:00,9885.767234868366
2024-11-22 00:00:00+00:00,9885.767234868366
2024-11-23 00:00:00+00:00,9885.767234868366
2024-11-24 00:00:00+00:00,9885.767234868366
2024-11-25 00:00:00+00:00,9885.767234868366
2024-11-26 00:00:00+00:00,9885.767234868366
2024-11-27 00:00:00+00:00,9885.767234868366
2024-11-28 00:00:00+00:00,9885.767234868366
2024-11-29 00:00:00+00:00,9885.767234868366
2024-11-30 00:00:00+00:00,9885.767234868366
2024-12-01 00:00:00+00:00,9885.767234868366
2024-12-02 00:00:00+00:00,9885.767234868366
2024-12-03 00:00:00+00:00,9885.767234868366
2024-12-04 00:00:00+00:00,9885.767234868366
2024-12-05 00:00:00+00:00,9885.767234868366
2024-12-06 00:00:00+00:00,9885.767234868366
2024-12-07 00:00:00+00:00,9885.767234868366
2024-12-08 00:00:00+00:00,9885.767234868366
2024-12-09 00:00:00+00:00,9885.767234868366
2024-12-10 00:00:00+00:00,9895.957755068366
2024-12-11 00:00:00+00:00,9884.55723268731
2024-12-12 00:00:00+00:00,9947.086414446503
2024-12-13 00:00:00+00:00,9926.583502660691
2024-12-14 00:00:00+00:00,9926.583502660691
2024-12-15 00:00:00+00:00,9926.583502660691
2024-12-16 00:00:00+00:00,9926.583502660691
2024-12-17 00:00:00+00:00,9926.583502660691
2024-12-18 00:00:00+00:00,9926.583502660691
2024-12-19 00:00:00+00:00,9899.672301910692
2024-12-20 00:00:00+00:00,9876.81627160184
2024-12-21 00:00:00+00:00,9876.81627160184
2024-12-22 00:00:00+00:00,9876.81627160184
2024-12-23 00:00:00+00:00,9876.81627160184
2024-12-24 00:00:00+00:00,9876.81627160184
2024-12-25 00:00:00+00:00,9876.81627160184
2024-12-26 00:00:00+00:00,9876.81627160184
2024-12-27 00:00:00+00:00,9876.81627160184
2024-12-28 00:00:00+00:00,9876.81627160184
2024-12-29 00:00:00+00:00,9876.81627160184
2024-12-30 00:00:00+00:00,9876.81627160184
2024-12-31 00:00:00+00:00,9876.81627160184
2025-01-01 00:00:00+00:00,9876.81627160184
2025-01-02 00:00:00+00:00,9876.81627160184
2025-01-03 00:00:00+00:00,9876.81627160184
2025-01-04 00:00:00+00:00,9876.81627160184
2025-01-05 00:00:00+00:00,9876.81627160184
2025-01-06 00:00:00+00:00,9876.81627160184
2025-01-07 00:00:00+00:00,9876.81627160184
2025-01-08 00:00:00+00:00,9863.65801165184
2025-01-09 00:00:00+00:00,9827.317411091839
2025-01-10 00:00:00+00:00,9827.317411091839
2025-01-11 00:00:00+00:00,9827.317411091839
2025-01-12 00:00:00+00:00,9827.317411091839
2025-01-13 00:00:00+00:00,9827.317411091839
2025-01-14 00:00:00+00:00,9878.862106219056
2025-01-15 00:00:00+00:00,9910.848472764961
2025-01-16 00:00:00+00:00,9973.692636716449
2025-01-17 00:00:00+00:00,9936.723087321365
2025-01-18 00:00:00+00:00,9990.214940421365
2025-01-19 00:00:00+00:00,9970.687689024908
2025-01-20 00:00:00+00:00,9889.589344956628
2025-01-21 00:00:00+00:00,9972.082549029648
2025-01-22 00:00:00+00:00,9907.108473259976
2025-01-23 00:00:00+00:00,9949.287712620575
2025-01-24 00:00:00+00:00,9965.333902955275
2025-01-25 00:00:00+00:00,9965.333902955275
2025-01-26 00:00:00+00:00,9965.333902955275
2025-01-27 00:00:00+00:00,9965.333902955275
2025-01-28 00:00:00+00:00,9965.333902955275
2025-01-29 00:00:00+00:00,9965.333902955275
2025-01-30 00:00:00+00:00,9965.333902955275
2025-01-31 00:00:00+00:00,9965.333902955275
2025-02-01 00:00:00+00:00,9965.333902955275
2025-02-02 00:00:00+00:00,9965.333902955275
2025-02-03 00:00:00+00:00,9965.333902955275
2025-02-04 00:00:00+00:00,10058.992028347182
2025-02-05 00:00:00+00:00,10012.22390100129
2025-02-06 00:00:00+00:00,9997.318125499076
2025-02-07 00:00:00+00:00,10006.583525382937
2025-02-08 00:00:00+00:00,10006.583525382937
2025-02-09 00:00:00+00:00,10006.583525382937
2025-02-10 00:00:00+00:00,10006.583525382937
2025-02-11 00:00:00+00:00,10006.583525382937
2025-02-12 00:00:00+00:00,10006.583525382937
2025-02-13 00:00:00+00:00,10006.583525382937
2025-02-14 00:00:00+00:00,10006.583525382937
2025-02-15 00:00:00+00:00,10006.583525382937
2025-02-16 00:00:00+00:00,10006.583525382937
2025-02-17 00:00:00+00:00,10006.583525382937
2025-02-18 00:00:00+00:00,10006.583525382937
2025-02-19 00:00:00+00:00,10006.583525382937
2025-02-20 00:00:00+00:00,10006.583525382937
2025-02-21 00:00:00+00:00,10006.583525382937
2025-02-22 00:00:00+00:00,10006.583525382937
2025-02-23 00:00:00+00:00,10006.583525382937
2025-02-24 00:00:00+00:00,10006.583525382937
2025-02-25 00:00:00+00:00,10006.583525382937
2025-02-26 00:00:00+00:00,9972.376780388377
2025-02-27 00:00:00+00:00,9890.24653505628
2025-02-28 00:00:00+00:00,9857.815199933562
2025-03-01 00:00:00+00:00,9919.156010968469
2025-03-02 00:00:00+00:00,9976.042065323862
2025-03-03 00:00:00+00:00,10032.143084622106
2025-03-04 00:00:00+00:00,9983.564660982907
2025-03-05 00:00:00+00:00,10072.353758632908
2025-03-06 00:00:00+00:00,10162.544795602764
2025-03-07 00:00:00+00:00,10162.544795602764
2025-03-08 00:00:00+00:00,10167.387435681121
2025-03-09 00:00:00+00:00,10155.88569872128
2025-03-10 00:00:00+00:00,10111.911981767002
2025-03-11 00:00:00+00:00,10111.911981767002
2025-03-12 00:00:00+00:00,10098.999198217003
2025-03-13 00:00:00+00:00,10062.289410955427
2025-03-14 00:00:00+00:00,10062.289410955427
2025-03-15 00:00:00+00:00,10062.289410955427
2025-03-16 00:00:00+00:00,10062.289410955427
2025-03-17 00:00:00+00:00,10062.289410955427
2025-03-18 00:00:00+00:00,10062.289410955427
2025-03-19 00:00:00+00:00,10062.289410955427
2025-03-20 00:00:00+00:00,10062.289410955427
2025-03-21 00:00:00+00:00,10062.289410955427
2025-03-22 00:00:00+00:00,10062.289410955427
2025-03-23 00:00:00+00:00,10062.289410955427
2025-03-24 00:00:00+00:00,10062.289410955427
2025-03-25 00:00:00+00:00,10062.289410955427
2025-03-26 00:00:00+00:00,10062.289410955427
2025-03-27 00:00:00+00:00,10062.289410955427
2025-03-28 00:00:00+00:00,10062.289410955427
2025-03-29 00:00:00+00:00,10062.289410955427
2025-03-30 00:00:00+00:00,10062.289410955427
2025-03-31 00:00:00+00:00,10062.289410955427
2025-04-01 00:00:00+00:00,10062.289410955427
2025-04-02 00:00:00+00:00,10062.289410955427
2025-04-03 00:00:00+00:00,10062.289410955427
2025-04-04 00:00:00+00:00,10062.289410955427
2025-04-05 00:00:00+00:00,10062.289410955427
2025-04-06 00:00:00+00:00,10062.289410955427
2025-04-07 00:00:00+00:00,10013.051263705427
2025-04-08 00:00:00+00:00,10234.762649887321
2025-04-09 00:00:00+00:00,10234.762649887321
2025-04-10 00:00:00+00:00,10234.762649887321
2025-04-11 00:00:00+00:00,10268.91183109082
2025-04-12 00:00:00+00:00,10466.016000095657
2025-04-13 00:00:00+00:00,10408.821051517592
2025-04-14 00:00:00+00:00,10408.821051517592
2025-04-15 00:00:00+00:00,10408.821051517592
2025-04-16 00:00:00+00:00,10408.821051517592
2025-04-17 00:00:00+00:00,10408.821051517592
2025-04-18 00:00:00+00:00,10408.821051517592
2025-04-19 00:00:00+00:00,10408.821051517592
2025-04-20 00:00:00+00:00,10408.821051517592
2025-04-21 00:00:00+00:00,10408.821051517592
2025-04-22 00:00:00+00:00,10408.821051517592
2025-04-23 00:00:00+00:00,10232.680545067593
2025-04-24 00:00:00+00:00,10232.680545067593
2025-04-25 00:00:00+00:00,10232.680545067593
2025-04-26 00:00:00+00:00,10232.680545067593
2025-04-27 00:00:00+00:00,10232.680545067593
2025-04-28 00:00:00+00:00,10232.680545067593
2025-04-29 00:00:00+00:00,10232.680545067593
2025-04-30 00:00:00+00:00,10232.680545067593
2025-05-01 00:00:00+00:00,10232.680545067593
2025-05-02 00:00:00+00:00,10232.680545067593
2025-05-03 00:00:00+00:00,10232.680545067593
2025-05-04 00:00:00+00:00,10232.680545067593
2025-05-05 00:00:00+00:00,10232.680545067593
2025-05-06 00:00:00+00:00,10232.680545067593
2025-05-07 00:00:00+00:00,10232.680545067593
2025-05-08 00:00:00+00:00,10232.680545067593
2025-05-09 00:00:00+00:00,10182.118442967592
2025-05-10 00:00:00+00:00,10182.118442967592
2025-05-11 00:00:00+00:00,10182.118442967592
2025-05-12 00:00:00+00:00,10182.118442967592
2025-05-13 00:00:00+00:00,10182.118442967592
2025-05-14 00:00:00+00:00,10182.118442967592
2025-05-15 00:00:00+00:00,10182.118442967592
2025-05-16 00:00:00+00:00,10182.118442967592
2025-05-17 00:00:00+00:00,10182.118442967592
2025-05-18 00:00:00+00:00,10182.118442967592
2025-05-19 00:00:00+00:00,10182.118442967592
2025-05-20 00:00:00+00:00,10306.601103107121
2025-05-21 00:00:00+00:00,10359.812824427303
2025-05-22 00:00:00+00:00,10397.819021961379
2025-05-23 00:00:00+00:00,10397.819021961379
2025-05-24 00:00:00+00:00,10397.819021961379
2025-05-25 00:00:00+00:00,10411.550011691274
2025-05-26 00:00:00+00:00,10462.268843007234
2025-05-27 00:00:00+00:00,10479.449109591904
2025-05-28 00:00:00+00:00,10475.233068365584
2025-05-29 00:00:00+00:00,10475.233068365584
2025-05-30 00:00:00+00:00,10475.233068365584
2025-05-31 00:00:00+00:00,10475.233068365584
2025-06-01 00:00:00+00:00,10475.233068365584
2025-06-02 00:00:00+00:00,10475.233068365584
2025-06-03 00:00:00+00:00,10475.233068365584
2025-06-04 00:00:00+00:00,10475.233068365584
2025-06-05 00:00:00+00:00,10475.233068365584
2025-06-06 00:00:00+00:00,10493.626496565583
2025-06-07 00:00:00+00:00,10608.066173430132
2025-06-08 00:00:00+00:00,10660.377099599875
2025-06-09 00:00:00+00:00,10687.168619666738
2025-06-10 00:00:00+00:00,10687.168619666738
2025-06-11 00:00:00+00:00,10687.168619666738
2025-06-12 00:00:00+00:00,10687.168619666738
2025-06-13 00:00:00+00:00,10687.168619666738
2025-06-14 00:00:00+00:00,10687.168619666738
2025-06-15 00:00:00+00:00,10687.168619666738
2025-06-16 00:00:00+00:00,10687.168619666738
2025-06-17 00:00:00+00:00,10687.168619666738
2025-06-18 00:00:00+00:00,10687.168619666738
2025-06-19 00:00:00+00:00,10687.168619666738
2025-06-20 00:00:00+00:00,10687.168619666738
2025-06-21 00:00:00+00:00,10687.168619666738
2025-06-22 00:00:00+00:00,10687.168619666738
2025-06-23 00:00:00+00:00,10822.945550746957
2025-06-24 00:00:00+00:00,10909.801806450292
2025-06-25 00:00:00+00:00,10909.801806450292
2025-06-26 00:00:00+00:00,10909.801806450292
2025-06-27 00:00:00+00:00,10909.801806450292
2025-06-28 00:00:00+00:00,10909.801806450292
2025-06-29 00:00:00+00:00,10909.801806450292
2025-06-30 00:00:00+00:00,10909.801806450292
2025-07-01 00:00:00+00:00,10909.801806450292
2025-07-02 00:00:00+00:00,10909.801806450292
2025-07-03 00:00:00+00:00,10923.963309650293
2025-07-04 00:00:00+00:00,10855.87757245837
2025-07-05 00:00:00+00:00,10855.87757245837
2025-07-06 00:00:00+00:00,10855.87757245837
2025-07-07 00:00:00+00:00,10855.87757245837
2025-07-08 00:00:00+00:00,10855.87757245837
2025-07-09 00:00:00+00:00,10855.87757245837
2025-07-10 00:00:00+00:00,10855.87757245837
2025-07-11 00:00:00+00:00,10855.87757245837
2025-07-12 00:00:00+00:00,10855.87757245837
2025-07-13 00:00:00+00:00,10855.87757245837
2025-07-14 00:00:00+00:00,10855.87757245837
2025-07-15 00:00:00+00:00,10855.87757245837
2025-07-16 00:00:00+00:00,10855.87757245837
2025-07-17 00:00:00+00:00,10855.87757245837
2025-07-18 00:00:00+00:00,10855.87757245837
2025-07-19 00:00:00+00:00,10855.87757245837
2025-07-20 00:00:00+00:00,10855.87757245837
2025-07-21 00:00:00+00:00,10855.87757245837
2025-07-22 00:00:00+00:00,10855.87757245837
2025-07-23 00:00:00+00:00,10855.87757245837
2025-07-24 00:00:00+00:00,10855.87757245837
2025-07-25 00:00:00+00:00,10855.87757245837
2025-07-26 00:00:00+00:00,10855.87757245837
2025-07-27 00:00:00+00:00,10855.87757245837
2025-07-28 00:00:00+00:00,10855.87757245837
2025-07-29 00:00:00+00:00,10855.87757245837
2025-07-30 00:00:00+00:00,10855.87757245837
2025-07-31 00:00:00+00:00,10855.87757245837
2025-08-01 00:00:00+00:00,10855.87757245837
2025-08-02 00:00:00+00:00,10855.87757245837
2025-08-03 00:00:00+00:00,10855.87757245837
2025-08-04 00:00:00+00:00,10855.87757245837
2025-08-05 00:00:00+00:00,10855.87757245837
2025-08-06 00:00:00+00:00,10855.87757245837
2025-08-07 00:00:00+00:00,10855.87757245837
2025-08-08 00:00:00+00:00,10855.87757245837
2025-08-09 00:00:00+00:00,10855.87757245837
2025-08-10 00:00:00+00:00,10855.87757245837
2025-08-11 00:00:00+00:00,10855.87757245837
2025-08-12 00:00:00+00:00,10855.87757245837
2025-08-13 00:00:00+00:00,10855.87757245837
2025-08-14 00:00:00+00:00,10855.87757245837
2025-08-15 00:00:00+00:00,10855.87757245837
2025-08-16 00:00:00+00:00,10855.87757245837
2025-08-17 00:00:00+00:00,10855.87757245837
2025-08-18 00:00:00+00:00,10855.87757245837
2025-08-19 00:00:00+00:00,10855.87757245837
2025-08-20 00:00:00+00:00,10855.87757245837
2025-08-21 00:00:00+00:00,10855.87757245837
2025-08-22 00:00:00+00:00,10855.87757245837
2025-08-23 00:00:00+00:00,10802.50283025837
2025-08-24 00:00:00+00:00,10802.50283025837
2025-08-25 00:00:00+00:00,10802.50283025837
2025-08-26 00:00:00+00:00,10801.7215356561
2025-08-27 00:00:00+00:00,10749.136021163542
2025-08-28 00:00:00+00:00,10749.136021163542
2025-08-29 00:00:00+00:00,10749.136021163542
2025-08-30 00:00:00+00:00,10749.136021163542
2025-08-31 00:00:00+00:00,10749.136021163542
2025-09-01 00:00:00+00:00,10749.136021163542
2025-09-02 00:00:00+00:00,10749.136021163542
2025-09-03 00:00:00+00:00,10749.136021163542
2025-09-04 00:00:00+00:00,10749.136021163542
2025-09-05 00:00:00+00:00,10749.136021163542
2025-09-06 00:00:00+00:00,10749.136021163542
2025-09-07 00:00:00+00:00,10749.136021163542
2025-09-08 00:00:00+00:00,10749.136021163542
2025-09-09 00:00:00+00:00,10749.136021163542
2025-09-10 00:00:00+00:00,10749.136021163542
2025-09-11 00:00:00+00:00,10749.136021163542
2025-09-12 00:00:00+00:00,10749.136021163542
2025-09-13 00:00:00+00:00,10749.136021163542
2025-09-14 00:00:00+00:00,10749.136021163542
2025-09-15 00:00:00+00:00,10749.136021163542
2025-09-16 00:00:00+00:00,10749.136021163542
2025-09-17 00:00:00+00:00,10749.136021163542
2025-09-18 00:00:00+00:00,10749.136021163542
2025-09-19 00:00:00+00:00,10749.136021163542
2025-09-20 00:00:00+00:00,10749.136021163542
2025-09-21 00:00:00+00:00,10749.136021163542
2025-09-22 00:00:00+00:00,10749.136021163542
2025-09-23 00:00:00+00:00,10749.136021163542
2025-09-24 00:00:00+00:00,10749.136021163542
2025-09-25 00:00:00+00:00,10749.136021163542
2025-09-26 00:00:00+00:00,10712.28017279838
2025-09-27 00:00:00+00:00,10695.373921503138
2025-09-28 00:00:00+00:00,10695.373921503138
2025-09-29 00:00:00+00:00,10695.373921503138
2025-09-30 00:00:00+00:00,10695.373921503138
2025-10-01 00:00:00+00:00,10695.373921503138
2025-10-02 00:00:00+00:00,10643.003837503138
2025-10-03 00:00:00+00:00,10643.003837503138
2025-10-04 00:00:00+00:00,10643.003837503138
2025-10-05 00:00:00+00:00,10643.003837503138
2025-10-06 00:00:00+00:00,10643.003837503138
2025-10-07 00:00:00+00:00,10643.003837503138
2025-10-08 00:00:00+00:00,10643.003837503138
2025-10-09 00:00:00+00:00,10643.003837503138
2025-10-10 00:00:00+00:00,10643.003837503138
2025-10-11 00:00:00+00:00,10643.003837503138
2025-10-12 00:00:00+00:00,10643.003837503138
2025-10-13 00:00:00+00:00,10638.034906003139
2025-10-14 00:00:00+00:00,10589.68320082698
2025-10-15 00:00:00+00:00,10685.761636270474
2025-10-16 00:00:00+00:00,10591.988301402473
2025-10-17 00:00:00+00:00,10537.366215888978
2025-10-18 00:00:00+00:00,10537.366215888978
2025-10-19 00:00:00+00:00,10537.366215888978
2025-10-20 00:00:00+00:00,10537.366215888978
2025-10-21 00:00:00+00:00,10537.366215888978
2025-10-22 00:00:00+00:00,10537.366215888978
2025-10-23 00:00:00+00:00,10537.366215888978
2025-10-24 00:00:00+00:00,10537.366215888978
2025-10-25 00:00:00+00:00,10537.366215888978
2025-10-26 00:00:00+00:00,10537.366215888978
2025-10-27 00:00:00+00:00,10537.366215888978
2025-10-28 00:00:00+00:00,10537.366215888978
2025-10-29 00:00:00+00:00,10537.366215888978
2025-10-30 00:00:00+00:00,10537.366215888978
2025-10-31 00:00:00+00:00,10537.366215888978
2025-11-01 00:00:00+00:00,10537.366215888978
2025-11-02 00:00:00+00:00,10537.366215888978
2025-11-03 00:00:00+00:00,10537.366215888978
2025-11-04 00:00:00+00:00,10541.750401738978
2025-11-05 00:00:00+00:00,10484.749508238978
2025-11-06 00:00:00+00:00,10484.749508238978
2025-11-07 00:00:00+00:00,10484.749508238978
2025-11-08 00:00:00+00:00,10484.749508238978
2025-11-09 00:00:00+00:00,10484.749508238978
2025-11-10 00:00:00+00:00,10484.749508238978
2025-11-11 00:00:00+00:00,10484.749508238978
2025-11-12 00:00:00+00:00,10484.749508238978
2025-11-13 00:00:00+00:00,10484.749508238978
2025-11-14 00:00:00+00:00,10484.749508238978
2025-11-15 00:00:00+00:00,10380.884571613278
2025-11-16 00:00:00+00:00,10380.884571613278
2025-11-17 00:00:00+00:00,10380.884571613278
2025-11-18 00:00:00+00:00,10380.884571613278
2025-11-19 00:00:00+00:00,10380.884571613278
2025-11-20 00:00:00+00:00,10490.805342850128
2025-11-21 00:00:00+00:00,10299.069264241705
2025-11-22 00:00:00+00:00,10284.012969377814
2025-11-23 00:00:00+00:00,10270.42012234993
2025-11-24 00:00:00+00:00,10340.181784728442
2025-11-25 00:00:00+00:00,10350.493331280793
2025-11-26 00:00:00+00:00,10350.493331280793
2025-11-27 00:00:00+00:00,10350.493331280793
2025-11-28 00:00:00+00:00,10350.493331280793
2025-11-29 00:00:00+00:00,10350.493331280793
2025-11-30 00:00:00+00:00,10350.493331280793
2025-12-01 00:00:00+00:00,10350.493331280793
2025-12-02 00:00:00+00:00,10242.569763910782
2025-12-03 00:00:00+00:00,10406.69251845929
2025-12-04 00:00:00+00:00,10479.343227394886
2025-12-05 00:00:00+00:00,10479.343227394886
2025-12-06 00:00:00+00:00,10479.343227394886
2025-12-07 00:00:00+00:00,10479.343227394886
2025-12-08 00:00:00+00:00,10479.343227394886
2025-12-09 00:00:00+00:00,10479.343227394886
2025-12-10 00:00:00+00:00,10479.343227394886
2025-12-11 00:00:00+00:00,10479.343227394886
2025-12-12 00:00:00+00:00,10479.343227394886
2025-12-13 00:00:00+00:00,10479.343227394886
2025-12-14 00:00:00+00:00,10479.343227394886
2025-12-15 00:00:00+00:00,10479.343227394886
2025-12-16 00:00:00+00:00,10479.343227394886
2025-12-17 00:00:00+00:00,10479.343227394886
2025-12-18 00:00:00+00:00,10479.343227394886
2025-12-19 00:00:00+00:00,10479.343227394886
2025-12-20 00:00:00+00:00,10479.451225369798
2025-12-21 00:00:00+00:00,10473.524176925066
2025-12-22 00:00:00+00:00,10465.383086757649
2025-12-23 00:00:00+00:00,10429.82086930568
2025-12-24 00:00:00+00:00,10429.82086930568
2025-12-25 00:00:00+00:00,10429.82086930568
2025-12-26 00:00:00+00:00,10429.82086930568
2025-12-27 00:00:00+00:00,10429.82086930568
2025-12-28 00:00:00+00:00,10429.82086930568
2025-12-29 00:00:00+00:00,10429.82086930568
2025-12-30 00:00:00+00:00,10429.82086930568
2025-12-31 00:00:00+00:00,10429.82086930568
2026-01-01 00:00:00+00:00,10429.82086930568
2026-01-02 00:00:00+00:00,10429.82086930568
2026-01-03 00:00:00+00:00,10429.82086930568
2026-01-04 00:00:00+00:00,10429.82086930568
2026-01-05 00:00:00+00:00,10429.82086930568
2026-01-06 00:00:00+00:00,10429.82086930568
2026-01-07 00:00:00+00:00,10429.82086930568
2026-01-08 00:00:00+00:00,10429.82086930568
2026-01-09 00:00:00+00:00,10429.82086930568
2026-01-10 00:00:00+00:00,10429.82086930568
2026-01-11 00:00:00+00:00,10429.82086930568
2026-01-12 00:00:00+00:00,10429.82086930568
2026-01-13 00:00:00+00:00,10429.82086930568
2026-01-14 00:00:00+00:00,10429.82086930568
2026-01-15 00:00:00+00:00,10429.82086930568
2026-01-16 00:00:00+00:00,10429.82086930568
2026-01-17 00:00:00+00:00,10429.82086930568
2026-01-18 00:00:00+00:00,10429.82086930568
2026-01-19 00:00:00+00:00,10429.82086930568
2026-01-20 00:00:00+00:00,10429.82086930568
2026-01-21 00:00:00+00:00,10429.82086930568
2026-01-22 00:00:00+00:00,10429.82086930568
2026-01-23 00:00:00+00:00,10429.82086930568
2026-01-24 00:00:00+00:00,10429.82086930568
2026-01-25 00:00:00+00:00,10429.82086930568
2026-01-26 00:00:00+00:00,10429.82086930568
2026-01-27 00:00:00+00:00,10429.82086930568
2026-01-28 00:00:00+00:00,10429.82086930568
2026-01-29 00:00:00+00:00,10429.82086930568
2026-01-30 00:00:00+00:00,10429.82086930568
2026-01-31 00:00:00+00:00,10476.257196729175
2026-02-01 00:00:00+00:00,10378.056575167291
2026-02-02 00:00:00+00:00,10378.056575167291
2026-02-03 00:00:00+00:00,10378.056575167291
2026-02-04 00:00:00+00:00,10379.853749567292
2026-02-05 00:00:00+00:00,10343.241102623033
2026-02-06 00:00:00+00:00,10174.473574989672
2026-02-07 00:00:00+00:00,10124.171868632233
2026-02-08 00:00:00+00:00,10124.171868632233
2026-02-09 00:00:00+00:00,10124.171868632233
2026-02-10 00:00:00+00:00,10124.171868632233
2026-02-11 00:00:00+00:00,10124.171868632233
2026-02-12 00:00:00+00:00,10124.171868632233
2026-02-13 00:00:00+00:00,10124.171868632233
2026-02-14 00:00:00+00:00,10124.171868632233
2026-02-15 00:00:00+00:00,10124.171868632233
2026-02-16 00:00:00+00:00,10124.171868632233
2026-02-17 00:00:00+00:00,10124.171868632233
2026-02-18 00:00:00+00:00,10124.171868632233
2026-02-19 00:00:00+00:00,10124.171868632233
2026-02-20 00:00:00+00:00,10124.171868632233
2026-02-21 00:00:00+00:00,10124.171868632233
2026-02-22 00:00:00+00:00,10124.171868632233
2026-02-23 00:00:00+00:00,10124.171868632233
2026-02-24 00:00:00+00:00,10074.085339466612
2026-02-25 00:00:00+00:00,10074.085339466612
2026-02-26 00:00:00+00:00,10074.085339466612
2026-02-27 00:00:00+00:00,10074.085339466612
2026-02-28 00:00:00+00:00,10074.085339466612
2026-03-01 00:00:00+00:00,10074.085339466612
2026-03-02 00:00:00+00:00,10074.085339466612
2026-03-03 00:00:00+00:00,10072.58064971661
2026-03-04 00:00:00+00:00,10093.23355391429
2026-03-05 00:00:00+00:00,9974.941007107938
2026-03-06 00:00:00+00:00,9974.941007107938
2026-03-07 00:00:00+00:00,9974.941007107938
2026-03-08 00:00:00+00:00,9974.941007107938
2026-03-09 00:00:00+00:00,9974.941007107938
2026-03-10 00:00:00+00:00,9996.817258807918
2026-03-11 00:00:00+00:00,9925.856956852813
2026-03-12 00:00:00+00:00,9925.856956852813
2026-03-13 00:00:00+00:00,9925.856956852813
2026-03-14 00:00:00+00:00,9925.856956852813
2026-03-15 00:00:00+00:00,9925.856956852813
2026-03-16 00:00:00+00:00,9925.856956852813
2026-03-17 00:00:00+00:00,9925.856956852813
2026-03-18 00:00:00+00:00,9925.856956852813
2026-03-19 00:00:00+00:00,9925.856956852813
2026-03-20 00:00:00+00:00,9925.856956852813
2026-03-21 00:00:00+00:00,9925.856956852813
2026-03-22 00:00:00+00:00,9925.856956852813
2026-03-23 00:00:00+00:00,9925.856956852813
2026-03-24 00:00:00+00:00,9945.944709675643
2026-03-25 00:00:00+00:00,9963.806998236263
2026-03-26 00:00:00+00:00,9924.762840569088
2026-03-27 00:00:00+00:00,10010.010077883739
2026-03-28 00:00:00+00:00,10051.902161733738
2026-03-29 00:00:00+00:00,10051.069572025895
2026-03-30 00:00:00+00:00,9960.919841634006
2026-03-31 00:00:00+00:00,9960.919841634006
2026-04-01 00:00:00+00:00,9960.919841634006
2026-04-02 00:00:00+00:00,9960.919841634006
2026-04-03 00:00:00+00:00,9960.919841634006
2026-04-04 00:00:00+00:00,9960.919841634006
2026-04-05 00:00:00+00:00,9960.919841634006
2026-04-06 00:00:00+00:00,9960.919841634006
2026-04-07 00:00:00+00:00,9960.919841634006
2026-04-08 00:00:00+00:00,9960.919841634006
2026-04-09 00:00:00+00:00,9991.310632562301
2026-04-10 00:00:00+00:00,9911.618394955134
2026-04-11 00:00:00+00:00,9911.618394955134
2026-04-12 00:00:00+00:00,9911.618394955134
2026-04-13 00:00:00+00:00,9911.618394955134
2026-04-14 00:00:00+00:00,9911.618394955134
2026-04-15 00:00:00+00:00,9911.618394955134
2026-04-16 00:00:00+00:00,9911.618394955134
2026-04-17 00:00:00+00:00,9911.618394955134
2026-04-18 00:00:00+00:00,9974.971932732054
2026-04-19 00:00:00+00:00,10068.556418202334
2026-04-20 00:00:00+00:00,10118.033739319653
2026-04-21 00:00:00+00:00,10118.033739319653
2026-04-22 00:00:00+00:00,10118.033739319653
2026-04-23 00:00:00+00:00,10205.936791344375
2026-04-24 00:00:00+00:00,10319.321787262623
2026-04-25 00:00:00+00:00,10319.321787262623
2026-04-26 00:00:00+00:00,10319.321787262623
2026-04-27 00:00:00+00:00,10319.321787262623
2026-04-28 00:00:00+00:00,10319.321787262623
2026-04-29 00:00:00+00:00,10319.321787262623
2026-04-30 00:00:00+00:00,10319.321787262623
2026-05-01 00:00:00+00:00,10319.321787262623
2026-05-02 00:00:00+00:00,10319.321787262623
2026-05-03 00:00:00+00:00,10319.321787262623
2026-05-04 00:00:00+00:00,10319.321787262623
2026-05-05 00:00:00+00:00,10319.321787262623
2026-05-06 00:00:00+00:00,10319.321787262623
2026-05-07 00:00:00+00:00,10319.321787262623
2026-05-08 00:00:00+00:00,10319.321787262623
2026-05-09 00:00:00+00:00,10319.321787262623
2026-05-10 00:00:00+00:00,10319.321787262623
2026-05-11 00:00:00+00:00,10319.321787262623
2026-05-12 00:00:00+00:00,10319.321787262623
2026-05-13 00:00:00+00:00,10319.321787262623
2026-05-14 00:00:00+00:00,10319.321787262623
2026-05-15 00:00:00+00:00,10319.321787262623
2026-05-16 00:00:00+00:00,10319.321787262623
2026-05-17 00:00:00+00:00,10319.321787262623
2026-05-18 00:00:00+00:00,10319.321787262623
2026-05-19 00:00:00+00:00,10319.321787262623
2026-05-20 00:00:00+00:00,10319.321787262623
2026-05-21 00:00:00+00:00,10319.321787262623
2026-05-22 00:00:00+00:00,10319.321787262623
2026-05-23 00:00:00+00:00,10319.321787262623
2026-05-24 00:00:00+00:00,10319.321787262623
2026-05-25 00:00:00+00:00,10319.321787262623
2026-05-26 00:00:00+00:00,10319.321787262623
2026-05-27 00:00:00+00:00,10319.321787262623
2026-05-28 00:00:00+00:00,10319.321787262623
2026-05-29 00:00:00+00:00,10319.321787262623
2026-05-30 00:00:00+00:00,10319.321787262623
2026-05-31 00:00:00+00:00,10319.321787262623
2026-06-01 00:00:00+00:00,10319.321787262623
2026-06-02 00:00:00+00:00,10272.365982869127
2026-06-03 00:00:00+00:00,10216.313409219127
2026-06-04 00:00:00+00:00,10216.313409219127
2026-06-05 00:00:00+00:00,10269.84311917035
2026-06-06 00:00:00+00:00,10142.20392263265
2026-06-07 00:00:00+00:00,10115.717773777911
2026-06-08 00:00:00+00:00,10104.310324995411
2026-06-09 00:00:00+00:00,10111.770419066559
2026-06-10 00:00:00+00:00,10152.757277419478
2026-06-11 00:00:00+00:00,10165.569882065987
2026-06-12 00:00:00+00:00,10165.569882065987
2026-06-13 00:00:00+00:00,10165.569882065987
2026-06-14 00:00:00+00:00,10165.569882065987
2026-06-15 00:00:00+00:00,10165.569882065987
2026-06-16 00:00:00+00:00,10165.569882065987
2026-06-17 00:00:00+00:00,10165.569882065987
2026-06-18 00:00:00+00:00,10165.569882065987
2026-06-19 00:00:00+00:00,10165.569882065987
2026-06-20 00:00:00+00:00,10165.569882065987
2026-06-21 00:00:00+00:00,10165.569882065987
2026-06-22 00:00:00+00:00,10165.569882065987
2026-06-23 00:00:00+00:00,10165.569882065987
2026-06-24 00:00:00+00:00,10165.569882065987
2026-06-25 00:00:00+00:00,10128.438848265985
2026-06-26 00:00:00+00:00,10065.175596145511
2026-06-27 00:00:00+00:00,10065.175596145511
2026-06-28 00:00:00+00:00,10065.175596145511
2026-06-29 00:00:00+00:00,10065.175596145511
2026-06-30 00:00:00+00:00,10065.175596145511
2026-07-01 00:00:00+00:00,10065.175596145511
2026-07-02 00:00:00+00:00,10085.79604404551
2026-07-03 00:00:00+00:00,10015.518754239412
2026-07-04 00:00:00+00:00,10015.518754239412
2026-07-05 00:00:00+00:00,10015.518754239412
2026-07-06 00:00:00+00:00,10015.518754239412
2026-07-07 00:00:00+00:00,10186.68392305941
2026-07-08 00:00:00+00:00,10135.093597224504
2026-07-09 00:00:00+00:00,10056.126014020836
2026-07-10 00:00:00+00:00,10102.388591229115
2026-07-11 00:00:00+00:00,10102.388591229115
2026-07-12 00:00:00+00:00,10102.388591229115
2026-07-13 00:00:00+00:00,10102.388591229115
2026-07-14 00:00:00+00:00,10102.388591229115
2026-07-15 00:00:00+00:00,10052.290464029116
2026-07-16 00:00:00+00:00,10052.290464029116
2026-07-17 00:00:00+00:00,10052.290464029116
2026-07-18 00:00:00+00:00,10052.290464029116
2026-07-19 00:00:00+00:00,10052.290464029116
2026-07-20 00:00:00+00:00,10052.290464029116
2026-07-21 00:00:00+00:00,10052.290464029116
2026-07-22 00:00:00+00:00,10052.290464029116
2026-07-23 00:00:00+00:00,10052.290464029116
2026-07-24 00:00:00+00:00,10052.290464029116
2026-07-25 00:00:00+00:00,10052.290464029116
2026-07-26 00:00:00+00:00,10052.290464029116
2026-07-27 00:00:00+00:00,10052.290464029116
2026-07-28 00:00:00+00:00,10052.290464029116
2026-07-29 00:00:00+00:00,10052.290464029116
2026-07-30 00:00:00+00:00,10052.290464029116
2026-07-31 00:00:00+00:00,10052.290464029116
2026-08-01 00:00:00+00:00,10064.622487888775
2026-08-02 00:00:00+00:00,10058.379814780354
2026-08-03 00:00:00+00:00,10120.902514828413
2026-08-04 00:00:00+00:00,10133.619268004253
2026-08-05 00:00:00+00:00,10133.619268004253
2026-08-06 00:00:00+00:00,10133.619268004253
2026-08-07 00:00:00+00:00,10133.619268004253
2026-08-08 00:00:00+00:00,10133.619268004253
2026-08-09 00:00:00+00:00,10133.619268004253
2026-08-10 00:00:00+00:00,10133.619268004253
2026-08-11 00:00:00+00:00,10133.619268004253
2026-08-12 00:00:00+00:00,10133.619268004253
2026-08-13 00:00:00+00:00,10133.619268004253
2026-08-14 00:00:00+00:00,10133.619268004253
2026-08-15 00:00:00+00:00,10133.619268004253
2026-08-16 00:00:00+00:00,10133.619268004253
2026-08-17 00:00:00+00:00,10133.619268004253
2026-08-18 00:00:00+00:00,10133.619268004253
2026-08-19 00:00:00+00:00,10133.619268004253
2026-08-20 00:00:00+00:00,10133.619268004253
2026-08-21 00:00:00+00:00,10083.645085504253
2026-08-22 00:00:00+00:00,10033.523789504254
2026-08-23 00:00:00+00:00,10033.523789504254
2026-08-24 00:00:00+00:00,10033.523789504254
2026-08-25 00:00:00+00:00,10033.523789504254
2026-08-26 00:00:00+00:00,10033.523789504254
2026-08-27 00:00:00+00:00,10033.523789504254
2026-08-28 00:00:00+00:00,10033.523789504254
2026-08-29 00:00:00+00:00,10033.523789504254
2026-08-30 00:00:00+00:00,10033.523789504254
2026-08-31 00:00:00+00:00,10033.523789504254
2026-09-01 00:00:00+00:00,10033.523789504254
