boundary_utc,equity
2021-09-01 00:00:00+00:00,10000.0
2021-09-02 00:00:00+00:00,10000.0
2021-09-03 00:00:00+00:00,10000.0
2021-09-04 00:00:00+00:00,10000.0
2021-09-05 00:00:00+00:00,10000.0
2021-09-06 00:00:00+00:00,9400.139009579865
2021-09-07 00:00:00+00:00,9539.026996255689
2021-09-08 00:00:00+00:00,12152.951241814308
2021-09-09 00:00:00+00:00,11627.716414880973
2021-09-10 00:00:00+00:00,11975.457179947378
2021-09-11 00:00:00+00:00,13011.545155801376
2021-09-12 00:00:00+00:00,12775.112896027702
2021-09-13 00:00:00+00:00,12308.52164823907
2021-09-14 00:00:00+00:00,12995.78051811162
2021-09-15 00:00:00+00:00,12152.709470691789
2021-09-16 00:00:00+00:00,12023.630046623022
2021-09-17 00:00:00+00:00,12023.630046623022
2021-09-18 00:00:00+00:00,12023.630046623022
2021-09-19 00:00:00+00:00,12315.899443384213
2021-09-20 00:00:00+00:00,12577.872932218239
2021-09-21 00:00:00+00:00,12577.872932218239
2021-09-22 00:00:00+00:00,11823.336462749556
2021-09-23 00:00:00+00:00,11928.742061959427
2021-09-24 00:00:00+00:00,12267.30987007689
2021-09-25 00:00:00+00:00,11267.095741466435
2021-09-26 00:00:00+00:00,11267.095741466435
2021-09-27 00:00:00+00:00,11267.095741466435
2021-09-28 00:00:00+00:00,11267.095741466435
2021-09-29 00:00:00+00:00,11267.095741466435
2021-09-30 00:00:00+00:00,12178.908943741268
2021-10-01 00:00:00+00:00,11182.791414102134
2021-10-02 00:00:00+00:00,11182.791414102134
2021-10-03 00:00:00+00:00,11182.791414102134
2021-10-04 00:00:00+00:00,11182.791414102134
2021-10-05 00:00:00+00:00,11182.791414102134
2021-10-06 00:00:00+00:00,11182.791414102134
2021-10-07 00:00:00+00:00,12228.590629394175
2021-10-08 00:00:00+00:00,12288.407541160925
2021-10-09 00:00:00+00:00,12772.851779831179
2021-10-10 00:00:00+00:00,12772.851779831179
2021-10-11 00:00:00+00:00,12772.851779831179
2021-10-12 00:00:00+00:00,12772.851779831179
2021-10-13 00:00:00+00:00,12772.851779831179
2021-10-14 00:00:00+00:00,12772.851779831179
2021-10-15 00:00:00+00:00,12809.966267013011
2021-10-16 00:00:00+00:00,12404.272180180456
2021-10-17 00:00:00+00:00,12404.272180180456
2021-10-18 00:00:00+00:00,11724.11435486253
2021-10-19 00:00:00+00:00,11607.857168701785
2021-10-20 00:00:00+00:00,11752.132063374847
2021-10-21 00:00:00+00:00,11997.051862301718
2021-10-22 00:00:00+00:00,11997.051862301718
2021-10-23 00:00:00+00:00,11997.051862301718
2021-10-24 00:00:00+00:00,11997.051862301718
2021-10-25 00:00:00+00:00,11997.051862301718
2021-10-26 00:00:00+00:00,11997.051862301718
2021-10-27 00:00:00+00:00,11997.051862301718
2021-10-28 00:00:00+00:00,11287.279445834283
2021-10-29 00:00:00+00:00,13577.121866094198
2021-10-30 00:00:00+00:00,13577.121866094198
2021-10-31 00:00:00+00:00,13577.121866094198
2021-11-01 00:00:00+00:00,13577.121866094198
2021-11-02 00:00:00+00:00,13577.121866094198
2021-11-03 00:00:00+00:00,13577.121866094198
2021-11-04 00:00:00+00:00,13577.121866094198
2021-11-05 00:00:00+00:00,13577.121866094198
2021-11-06 00:00:00+00:00,13577.121866094198
2021-11-07 00:00:00+00:00,13577.121866094198
2021-11-08 00:00:00+00:00,13577.121866094198
2021-11-09 00:00:00+00:00,13565.01451752613
2021-11-10 00:00:00+00:00,13075.249720243324
2021-11-11 00:00:00+00:00,13075.249720243324
2021-11-12 00:00:00+00:00,13075.249720243324
2021-11-13 00:00:00+00:00,13075.249720243324
2021-11-14 00:00:00+00:00,13075.249720243324
2021-11-15 00:00:00+00:00,13075.249720243324
2021-11-16 00:00:00+00:00,13075.249720243324
2021-11-17 00:00:00+00:00,13075.249720243324
2021-11-18 00:00:00+00:00,12293.024797696407
2021-11-19 00:00:00+00:00,13742.674218942491
2021-11-20 00:00:00+00:00,13438.575449481674
2021-11-21 00:00:00+00:00,13438.575449481674
2021-11-22 00:00:00+00:00,13438.575449481674
2021-11-23 00:00:00+00:00,13438.575449481674
2021-11-24 00:00:00+00:00,13639.763086906172
2021-11-25 00:00:00+00:00,12623.244293993037
2021-11-26 00:00:00+00:00,12623.244293993037
2021-11-27 00:00:00+00:00,14271.228470806054
2021-11-28 00:00:00+00:00,13884.10329185422
2021-11-29 00:00:00+00:00,12735.555898852339
2021-11-30 00:00:00+00:00,14198.264369748329
2021-12-01 00:00:00+00:00,16336.156553117144
2021-12-02 00:00:00+00:00,16336.156553117144
2021-12-03 00:00:00+00:00,16336.156553117144
2021-12-04 00:00:00+00:00,16336.156553117144
2021-12-05 00:00:00+00:00,15794.002475411558
2021-12-06 00:00:00+00:00,15361.212641234475
2021-12-07 00:00:00+00:00,15037.997746457178
2021-12-08 00:00:00+00:00,14956.476251908958
2021-12-09 00:00:00+00:00,15200.306615395848
2021-12-10 00:00:00+00:00,14926.926119430276
2021-12-11 00:00:00+00:00,14926.926119430276
2021-12-12 00:00:00+00:00,14966.451105922153
2021-12-13 00:00:00+00:00,14071.877843702066
2021-12-14 00:00:00+00:00,14071.877843702066
2021-12-15 00:00:00+00:00,14071.877843702066
2021-12-16 00:00:00+00:00,14071.877843702066
2021-12-17 00:00:00+00:00,14071.877843702066
2021-12-18 00:00:00+00:00,14071.877843702066
2021-12-19 00:00:00+00:00,14071.877843702066
2021-12-20 00:00:00+00:00,14071.877843702066
2021-12-21 00:00:00+00:00,14071.877843702066
2021-12-22 00:00:00+00:00,14071.877843702066
2021-12-23 00:00:00+00:00,14071.877843702066
2021-12-24 00:00:00+00:00,14071.877843702066
2021-12-25 00:00:00+00:00,14071.877843702066
2021-12-26 00:00:00+00:00,14071.877843702066
2021-12-27 00:00:00+00:00,14071.877843702066
2021-12-28 00:00:00+00:00,14071.877843702066
2021-12-29 00:00:00+00:00,13852.650894065137
2021-12-30 00:00:00+00:00,13852.650894065137
2021-12-31 00:00:00+00:00,13871.006797751099
2022-01-01 00:00:00+00:00,13526.908808040254
2022-01-02 00:00:00+00:00,13669.198907579952
2022-01-03 00:00:00+00:00,13862.662499612177
2022-01-04 00:00:00+00:00,13663.340585800097
2022-01-05 00:00:00+00:00,13617.428041009409
2022-01-06 00:00:00+00:00,13617.428041009409
2022-01-07 00:00:00+00:00,13167.109823424234
2022-01-08 00:00:00+00:00,13959.910889535466
2022-01-09 00:00:00+00:00,15531.525442404012
2022-01-10 00:00:00+00:00,14245.151140324677
2022-01-11 00:00:00+00:00,14918.728058647861
2022-01-12 00:00:00+00:00,16298.518602794276
2022-01-13 00:00:00+00:00,17489.428957247146
2022-01-14 00:00:00+00:00,17526.553164395886
2022-01-15 00:00:00+00:00,17526.553164395886
2022-01-16 00:00:00+00:00,17526.553164395886
2022-01-17 00:00:00+00:00,17526.553164395886
2022-01-18 00:00:00+00:00,17526.553164395886
2022-01-19 00:00:00+00:00,17526.553164395886
2022-01-20 00:00:00+00:00,17526.553164395886
2022-01-21 00:00:00+00:00,16493.241046989446
2022-01-22 00:00:00+00:00,16493.241046989446
2022-01-23 00:00:00+00:00,15239.86079045228
2022-01-24 00:00:00+00:00,14989.905558044291
2022-01-25 00:00:00+00:00,14206.991689836786
2022-01-26 00:00:00+00:00,13882.84132148713
2022-01-27 00:00:00+00:00,13882.84132148713
2022-01-28 00:00:00+00:00,13121.79800826445
2022-01-29 00:00:00+00:00,13450.613894512906
2022-01-30 00:00:00+00:00,13597.62844827518
2022-01-31 00:00:00+00:00,13488.532909354923
2022-02-01 00:00:00+00:00,13064.228022491847
2022-02-02 00:00:00+00:00,13064.228022491847
2022-02-03 00:00:00+00:00,16954.891377610064
2022-02-04 00:00:00+00:00,16288.605745880315
2022-02-05 00:00:00+00:00,17429.792009224617
2022-02-06 00:00:00+00:00,17429.792009224617
2022-02-07 00:00:00+00:00,17429.792009224617
2022-02-08 00:00:00+00:00,17429.792009224617
2022-02-09 00:00:00+00:00,17429.792009224617
2022-02-10 00:00:00+00:00,17429.792009224617
2022-02-11 00:00:00+00:00,17429.792009224617
2022-02-12 00:00:00+00:00,17429.792009224617
2022-02-13 00:00:00+00:00,17429.792009224617
2022-02-14 00:00:00+00:00,17429.792009224617
2022-02-15 00:00:00+00:00,17429.792009224617
2022-02-16 00:00:00+00:00,17429.792009224617
2022-02-17 00:00:00+00:00,17429.792009224617
2022-02-18 00:00:00+00:00,17429.792009224617
2022-02-19 00:00:00+00:00,16384.102233380523
2022-02-20 00:00:00+00:00,16384.102233380523
2022-02-21 00:00:00+00:00,16384.102233380523
2022-02-22 00:00:00+00:00,15099.626031066766
2022-02-23 00:00:00+00:00,15099.626031066766
2022-02-24 00:00:00+00:00,14565.632653011799
2022-02-25 00:00:00+00:00,14565.632653011799
2022-02-26 00:00:00+00:00,14565.632653011799
2022-02-27 00:00:00+00:00,14565.632653011799
2022-02-28 00:00:00+00:00,14206.369885314178
2022-03-01 00:00:00+00:00,14206.369885314178
2022-03-02 00:00:00+00:00,14206.369885314178
2022-03-03 00:00:00+00:00,14206.369885314178
2022-03-04 00:00:00+00:00,14206.369885314178
2022-03-05 00:00:00+00:00,14206.369885314178
2022-03-06 00:00:00+00:00,14206.369885314178
2022-03-07 00:00:00+00:00,14206.369885314178
2022-03-08 00:00:00+00:00,14168.38966351449
2022-03-09 00:00:00+00:00,15701.218630746343
2022-03-10 00:00:00+00:00,18265.5260296717
2022-03-11 00:00:00+00:00,18265.5260296717
2022-03-12 00:00:00+00:00,18265.5260296717
2022-03-13 00:00:00+00:00,18265.5260296717
2022-03-14 00:00:00+00:00,18265.5260296717
2022-03-15 00:00:00+00:00,18265.5260296717
2022-03-16 00:00:00+00:00,18265.5260296717
2022-03-17 00:00:00+00:00,18265.5260296717
2022-03-18 00:00:00+00:00,18265.5260296717
2022-03-19 00:00:00+00:00,18265.5260296717
2022-03-20 00:00:00+00:00,18265.5260296717
2022-03-21 00:00:00+00:00,18265.5260296717
2022-03-22 00:00:00+00:00,18265.5260296717
2022-03-23 00:00:00+00:00,18265.5260296717
2022-03-24 00:00:00+00:00,18265.5260296717
2022-03-25 00:00:00+00:00,18265.5260296717
2022-03-26 00:00:00+00:00,18265.554406685787
2022-03-27 00:00:00+00:00,18200.74654646257
2022-03-28 00:00:00+00:00,18200.74654646257
2022-03-29 00:00:00+00:00,18689.05833622013
2022-03-30 00:00:00+00:00,17118.957215597937
2022-03-31 00:00:00+00:00,17118.957215597937
2022-04-01 00:00:00+00:00,17118.957215597937
2022-04-02 00:00:00+00:00,19294.69428541726
2022-04-03 00:00:00+00:00,19294.69428541726
2022-04-04 00:00:00+00:00,19294.69428541726
2022-04-05 00:00:00+00:00,19294.69428541726
2022-04-06 00:00:00+00:00,19294.69428541726
2022-04-07 00:00:00+00:00,19294.69428541726
2022-04-08 00:00:00+00:00,19294.69428541726
2022-04-09 00:00:00+00:00,19294.69428541726
2022-04-10 00:00:00+00:00,19294.69428541726
2022-04-11 00:00:00+00:00,20434.2072720602
2022-04-12 00:00:00+00:00,20997.914382793642
2022-04-13 00:00:00+00:00,19793.049962176097
2022-04-14 00:00:00+00:00,19671.175987107155
2022-04-15 00:00:00+00:00,19671.175987107155
2022-04-16 00:00:00+00:00,19671.175987107155
2022-04-17 00:00:00+00:00,19671.175987107155
2022-04-18 00:00:00+00:00,19671.175987107155
2022-04-19 00:00:00+00:00,18649.49633955456
2022-04-20 00:00:00+00:00,18649.49633955456
2022-04-21 00:00:00+00:00,18649.49633955456
2022-04-22 00:00:00+00:00,18649.49633955456
2022-04-23 00:00:00+00:00,18649.49633955456
2022-04-24 00:00:00+00:00,18649.49633955456
2022-04-25 00:00:00+00:00,18649.49633955456
2022-04-26 00:00:00+00:00,18649.49633955456
2022-04-27 00:00:00+00:00,21477.407077288328
2022-04-28 00:00:00+00:00,19791.661245823838
2022-04-29 00:00:00+00:00,19770.205834640055
2022-04-30 00:00:00+00:00,19770.205834640055
2022-05-01 00:00:00+00:00,19770.205834640055
2022-05-02 00:00:00+00:00,19580.286593223274
2022-05-03 00:00:00+00:00,19580.286593223274
2022-05-04 00:00:00+00:00,19581.18930656049
2022-05-05 00:00:00+00:00,20795.44347535715
2022-05-06 00:00:00+00:00,19266.715867623287
2022-05-07 00:00:00+00:00,18285.834052418846
2022-05-08 00:00:00+00:00,17841.13338952694
2022-05-09 00:00:00+00:00,17480.853547457158
2022-05-10 00:00:00+00:00,17211.406484130872
2022-05-11 00:00:00+00:00,17174.955323261016
2022-05-12 00:00:00+00:00,17012.992367616047
2022-05-13 00:00:00+00:00,17485.918119154732
2022-05-14 00:00:00+00:00,17485.918119154732
2022-05-15 00:00:00+00:00,17485.918119154732
2022-05-16 00:00:00+00:00,17274.651409667844
2022-05-17 00:00:00+00:00,18806.26547951049
2022-05-18 00:00:00+00:00,17955.551858612354
2022-05-19 00:00:00+00:00,19674.787375472886
2022-05-20 00:00:00+00:00,21156.665300686156
2022-05-21 00:00:00+00:00,19425.31032180478
2022-05-22 00:00:00+00:00,19425.31032180478
2022-05-23 00:00:00+00:00,19425.31032180478
2022-05-24 00:00:00+00:00,19425.31032180478
2022-05-25 00:00:00+00:00,19425.31032180478
2022-05-26 00:00:00+00:00,19425.31032180478
2022-05-27 00:00:00+00:00,18053.7723775757
2022-05-28 00:00:00+00:00,18053.7723775757
2022-05-29 00:00:00+00:00,18053.7723775757
2022-05-30 00:00:00+00:00,18053.7723775757
2022-05-31 00:00:00+00:00,18053.7723775757
2022-06-01 00:00:00+00:00,18053.7723775757
2022-06-02 00:00:00+00:00,18053.7723775757
2022-06-03 00:00:00+00:00,18053.7723775757
2022-06-04 00:00:00+00:00,18053.7723775757
2022-06-05 00:00:00+00:00,18053.7723775757
2022-06-06 00:00:00+00:00,18053.7723775757
2022-06-07 00:00:00+00:00,18053.7723775757
2022-06-08 00:00:00+00:00,18053.7723775757
2022-06-09 00:00:00+00:00,18053.7723775757
2022-06-10 00:00:00+00:00,18053.7723775757
2022-06-11 00:00:00+00:00,18053.7723775757
2022-06-12 00:00:00+00:00,19527.960320689595
2022-06-13 00:00:00+00:00,20333.307854779072
2022-06-14 00:00:00+00:00,26224.27209805426
2022-06-15 00:00:00+00:00,26224.27209805426
2022-06-16 00:00:00+00:00,26224.27209805426
2022-06-17 00:00:00+00:00,31143.5538974521
2022-06-18 00:00:00+00:00,31143.5538974521
2022-06-19 00:00:00+00:00,31143.5538974521
2022-06-20 00:00:00+00:00,31143.5538974521
2022-06-21 00:00:00+00:00,29936.854437630023
2022-06-22 00:00:00+00:00,29936.854437630023
2022-06-23 00:00:00+00:00,29569.37890298338
2022-06-24 00:00:00+00:00,27495.17150153213
2022-06-25 00:00:00+00:00,27495.17150153213
2022-06-26 00:00:00+00:00,27495.17150153213
2022-06-27 00:00:00+00:00,27495.17150153213
2022-06-28 00:00:00+00:00,27495.17150153213
2022-06-29 00:00:00+00:00,27495.17150153213
2022-06-30 00:00:00+00:00,27495.17150153213
2022-07-01 00:00:00+00:00,27495.17150153213
2022-07-02 00:00:00+00:00,27495.17150153213
2022-07-03 00:00:00+00:00,27495.17150153213
2022-07-04 00:00:00+00:00,27495.17150153213
2022-07-05 00:00:00+00:00,27495.17150153213
2022-07-06 00:00:00+00:00,27164.97631637485
2022-07-07 00:00:00+00:00,27164.97631637485
2022-07-08 00:00:00+00:00,28969.59719291261
2022-07-09 00:00:00+00:00,26551.62124429119
2022-07-10 00:00:00+00:00,26551.62124429119
2022-07-11 00:00:00+00:00,26551.62124429119
2022-07-12 00:00:00+00:00,26551.62124429119
2022-07-13 00:00:00+00:00,26551.62124429119
2022-07-14 00:00:00+00:00,26390.242681161948
2022-07-15 00:00:00+00:00,26390.242681161948
2022-07-16 00:00:00+00:00,26390.242681161948
2022-07-17 00:00:00+00:00,26390.242681161948
2022-07-18 00:00:00+00:00,26390.242681161948
2022-07-19 00:00:00+00:00,26390.242681161948
2022-07-20 00:00:00+00:00,26390.242681161948
2022-07-21 00:00:00+00:00,26390.242681161948
2022-07-22 00:00:00+00:00,30202.907085912095
2022-07-23 00:00:00+00:00,27695.631397032696
2022-07-24 00:00:00+00:00,27695.631397032696
2022-07-25 00:00:00+00:00,27695.631397032696
2022-07-26 00:00:00+00:00,26848.847924020498
2022-07-27 00:00:00+00:00,26848.847924020498
2022-07-28 00:00:00+00:00,26848.847924020498
2022-07-29 00:00:00+00:00,26848.847924020498
2022-07-30 00:00:00+00:00,26848.847924020498
2022-07-31 00:00:00+00:00,26848.847924020498
2022-08-01 00:00:00+00:00,26848.847924020498
2022-08-02 00:00:00+00:00,26848.847924020498
2022-08-03 00:00:00+00:00,26848.847924020498
2022-08-04 00:00:00+00:00,26848.847924020498
2022-08-05 00:00:00+00:00,26848.847924020498
2022-08-06 00:00:00+00:00,26848.847924020498
2022-08-07 00:00:00+00:00,26848.847924020498
2022-08-08 00:00:00+00:00,26848.847924020498
2022-08-09 00:00:00+00:00,26848.847924020498
2022-08-10 00:00:00+00:00,26848.847924020498
2022-08-11 00:00:00+00:00,26483.66814374229
2022-08-12 00:00:00+00:00,27426.288936335786
2022-08-13 00:00:00+00:00,30291.66255334737
2022-08-14 00:00:00+00:00,31276.775484313912
2022-08-15 00:00:00+00:00,31276.775484313912
2022-08-16 00:00:00+00:00,31276.775484313912
2022-08-17 00:00:00+00:00,31276.775484313912
2022-08-18 00:00:00+00:00,31276.775484313912
2022-08-19 00:00:00+00:00,31276.775484313912
2022-08-20 00:00:00+00:00,36636.06627126478
2022-08-21 00:00:00+00:00,40316.74837287379
2022-08-22 00:00:00+00:00,40316.74837287379
2022-08-23 00:00:00+00:00,40316.74837287379
2022-08-24 00:00:00+00:00,40316.74837287379
2022-08-25 00:00:00+00:00,40316.74837287379
2022-08-26 00:00:00+00:00,40316.74837287379
2022-08-27 00:00:00+00:00,40316.74837287379
2022-08-28 00:00:00+00:00,40316.74837287379
2022-08-29 00:00:00+00:00,40316.74837287379
2022-08-30 00:00:00+00:00,40316.74837287379
2022-08-31 00:00:00+00:00,40316.74837287379
2022-09-01 00:00:00+00:00,40316.74837287379
2022-09-02 00:00:00+00:00,40316.74837287379
2022-09-03 00:00:00+00:00,40316.74837287379
2022-09-04 00:00:00+00:00,40316.74837287379
2022-09-05 00:00:00+00:00,40316.74837287379
2022-09-06 00:00:00+00:00,40316.74837287379
2022-09-07 00:00:00+00:00,40316.74837287379
2022-09-08 00:00:00+00:00,40316.74837287379
2022-09-09 00:00:00+00:00,40316.74837287379
2022-09-10 00:00:00+00:00,40316.74837287379
2022-09-11 00:00:00+00:00,40316.74837287379
2022-09-12 00:00:00+00:00,39380.418515924175
2022-09-13 00:00:00+00:00,39380.418515924175
2022-09-14 00:00:00+00:00,39380.418515924175
2022-09-15 00:00:00+00:00,39380.418515924175
2022-09-16 00:00:00+00:00,39380.418515924175
2022-09-17 00:00:00+00:00,39380.418515924175
2022-09-18 00:00:00+00:00,39380.418515924175
2022-09-19 00:00:00+00:00,39380.418515924175
2022-09-20 00:00:00+00:00,39380.418515924175
2022-09-21 00:00:00+00:00,39380.418515924175
2022-09-22 00:00:00+00:00,39380.418515924175
2022-09-23 00:00:00+00:00,39380.418515924175
2022-09-24 00:00:00+00:00,43610.49578103418
2022-09-25 00:00:00+00:00,42673.18738129883
2022-09-26 00:00:00+00:00,38804.69006636455
2022-09-27 00:00:00+00:00,38804.69006636455
2022-09-28 00:00:00+00:00,38804.69006636455
2022-09-29 00:00:00+00:00,36109.68639202799
2022-09-30 00:00:00+00:00,36109.68639202799
2022-10-01 00:00:00+00:00,36109.68639202799
2022-10-02 00:00:00+00:00,36109.68639202799
2022-10-03 00:00:00+00:00,36109.68639202799
2022-10-04 00:00:00+00:00,36109.68639202799
2022-10-05 00:00:00+00:00,36109.68639202799
2022-10-06 00:00:00+00:00,36109.68639202799
2022-10-07 00:00:00+00:00,36109.68639202799
2022-10-08 00:00:00+00:00,36109.68639202799
2022-10-09 00:00:00+00:00,36109.68639202799
2022-10-10 00:00:00+00:00,36109.68639202799
2022-10-11 00:00:00+00:00,36109.68639202799
2022-10-12 00:00:00+00:00,36109.68639202799
2022-10-13 00:00:00+00:00,36109.68639202799
2022-10-14 00:00:00+00:00,33650.98159562938
2022-10-15 00:00:00+00:00,33650.98159562938
2022-10-16 00:00:00+00:00,33650.98159562938
2022-10-17 00:00:00+00:00,33650.98159562938
2022-10-18 00:00:00+00:00,33650.98159562938
2022-10-19 00:00:00+00:00,33650.98159562938
2022-10-20 00:00:00+00:00,33650.98159562938
2022-10-21 00:00:00+00:00,33650.98159562938
2022-10-22 00:00:00+00:00,33650.98159562938
2022-10-23 00:00:00+00:00,33650.98159562938
2022-10-24 00:00:00+00:00,33650.98159562938
2022-10-25 00:00:00+00:00,33650.98159562938
2022-10-26 00:00:00+00:00,31632.455324498078
2022-10-27 00:00:00+00:00,31632.455324498078
2022-10-28 00:00:00+00:00,31632.455324498078
2022-10-29 00:00:00+00:00,31632.455324498078
2022-10-30 00:00:00+00:00,31632.455324498078
2022-10-31 00:00:00+00:00,31632.455324498078
2022-11-01 00:00:00+00:00,31632.455324498078
2022-11-02 00:00:00+00:00,31632.455324498078
2022-11-03 00:00:00+00:00,31632.455324498078
2022-11-04 00:00:00+00:00,31632.455324498078
2022-11-05 00:00:00+00:00,29728.113282562874
2022-11-06 00:00:00+00:00,29728.113282562874
2022-11-07 00:00:00+00:00,29728.113282562874
2022-11-08 00:00:00+00:00,29728.113282562874
2022-11-09 00:00:00+00:00,27447.18190531839
2022-11-10 00:00:00+00:00,27946.155773850118
2022-11-11 00:00:00+00:00,28667.09883110444
2022-11-12 00:00:00+00:00,31183.94213267818
2022-11-13 00:00:00+00:00,31183.94213267818
2022-11-14 00:00:00+00:00,31183.94213267818
2022-11-15 00:00:00+00:00,31183.94213267818
2022-11-16 00:00:00+00:00,31183.94213267818
2022-11-17 00:00:00+00:00,31183.94213267818
2022-11-18 00:00:00+00:00,31183.94213267818
2022-11-19 00:00:00+00:00,31183.94213267818
2022-11-20 00:00:00+00:00,31183.94213267818
2022-11-21 00:00:00+00:00,31183.94213267818
2022-11-22 00:00:00+00:00,31183.94213267818
2022-11-23 00:00:00+00:00,31183.94213267818
2022-11-24 00:00:00+00:00,31183.94213267818
2022-11-25 00:00:00+00:00,31183.94213267818
2022-11-26 00:00:00+00:00,31183.94213267818
2022-11-27 00:00:00+00:00,31183.94213267818
2022-11-28 00:00:00+00:00,31183.94213267818
2022-11-29 00:00:00+00:00,31183.94213267818
2022-11-30 00:00:00+00:00,31349.794754568855
2022-12-01 00:00:00+00:00,32230.461729785577
2022-12-02 00:00:00+00:00,32230.461729785577
2022-12-03 00:00:00+00:00,32230.461729785577
2022-12-04 00:00:00+00:00,32230.461729785577
2022-12-05 00:00:00+00:00,32230.461729785577
2022-12-06 00:00:00+00:00,32230.461729785577
2022-12-07 00:00:00+00:00,32230.461729785577
2022-12-08 00:00:00+00:00,32230.461729785577
2022-12-09 00:00:00+00:00,32230.461729785577
2022-12-10 00:00:00+00:00,32230.461729785577
2022-12-11 00:00:00+00:00,32230.461729785577
2022-12-12 00:00:00+00:00,32230.461729785577
2022-12-13 00:00:00+00:00,32230.461729785577
2022-12-14 00:00:00+00:00,32360.545628747637
2022-12-15 00:00:00+00:00,31635.212351506485
2022-12-16 00:00:00+00:00,31160.394727365416
2022-12-17 00:00:00+00:00,31160.394727365416
2022-12-18 00:00:00+00:00,31160.394727365416
2022-12-19 00:00:00+00:00,31160.394727365416
2022-12-20 00:00:00+00:00,31160.394727365416
2022-12-21 00:00:00+00:00,31160.394727365416
2022-12-22 00:00:00+00:00,31160.394727365416
2022-12-23 00:00:00+00:00,31160.394727365416
2022-12-24 00:00:00+00:00,31160.394727365416
2022-12-25 00:00:00+00:00,31160.394727365416
2022-12-26 00:00:00+00:00,31160.394727365416
2022-12-27 00:00:00+00:00,31160.394727365416
2022-12-28 00:00:00+00:00,31160.394727365416
2022-12-29 00:00:00+00:00,31160.394727365416
2022-12-30 00:00:00+00:00,31160.394727365416
2022-12-31 00:00:00+00:00,31160.394727365416
2023-01-01 00:00:00+00:00,31160.394727365416
2023-01-02 00:00:00+00:00,31160.394727365416
2023-01-03 00:00:00+00:00,31160.394727365416
2023-01-04 00:00:00+00:00,31160.394727365416
2023-01-05 00:00:00+00:00,31160.394727365416
2023-01-06 00:00:00+00:00,31160.394727365416
2023-01-07 00:00:00+00:00,31160.394727365416
2023-01-08 00:00:00+00:00,31160.394727365416
2023-01-09 00:00:00+00:00,31160.394727365416
2023-01-10 00:00:00+00:00,31160.394727365416
2023-01-11 00:00:00+00:00,31160.394727365416
2023-01-12 00:00:00+00:00,31160.394727365416
2023-01-13 00:00:00+00:00,31160.394727365416
2023-01-14 00:00:00+00:00,31160.394727365416
2023-01-15 00:00:00+00:00,31160.394727365416
2023-01-16 00:00:00+00:00,31160.394727365416
2023-01-17 00:00:00+00:00,31160.394727365416
2023-01-18 00:00:00+00:00,31160.394727365416
2023-01-19 00:00:00+00:00,31160.394727365416
2023-01-20 00:00:00+00:00,31160.394727365416
2023-01-21 00:00:00+00:00,29963.016139751675
2023-01-22 00:00:00+00:00,29963.016139751675
2023-01-23 00:00:00+00:00,29963.016139751675
2023-01-24 00:00:00+00:00,29963.016139751675
2023-01-25 00:00:00+00:00,29963.016139751675
2023-01-26 00:00:00+00:00,29963.016139751675
2023-01-27 00:00:00+00:00,29963.016139751675
2023-01-28 00:00:00+00:00,29963.016139751675
2023-01-29 00:00:00+00:00,29963.016139751675
2023-01-30 00:00:00+00:00,29884.259527207843
2023-01-31 00:00:00+00:00,29736.934433461447
2023-02-01 00:00:00+00:00,29736.934433461447
2023-02-02 00:00:00+00:00,29736.934433461447
2023-02-03 00:00:00+00:00,29736.934433461447
2023-02-04 00:00:00+00:00,29736.934433461447
2023-02-05 00:00:00+00:00,29736.934433461447
2023-02-06 00:00:00+00:00,29736.934433461447
2023-02-07 00:00:00+00:00,29736.934433461447
2023-02-08 00:00:00+00:00,29736.934433461447
2023-02-09 00:00:00+00:00,29736.934433461447
2023-02-10 00:00:00+00:00,29736.934433461447
2023-02-11 00:00:00+00:00,29736.934433461447
2023-02-12 00:00:00+00:00,29736.934433461447
2023-02-13 00:00:00+00:00,29736.934433461447
2023-02-14 00:00:00+00:00,29736.934433461447
2023-02-15 00:00:00+00:00,30315.938259636838
2023-02-16 00:00:00+00:00,38097.16322270293
2023-02-17 00:00:00+00:00,38097.16322270293
2023-02-18 00:00:00+00:00,37971.24537117716
2023-02-19 00:00:00+00:00,37763.39705015774
2023-02-20 00:00:00+00:00,36951.43914304563
2023-02-21 00:00:00+00:00,35728.690150031834
2023-02-22 00:00:00+00:00,35728.690150031834
2023-02-23 00:00:00+00:00,34027.3909090678
2023-02-24 00:00:00+00:00,34027.3909090678
2023-02-25 00:00:00+00:00,34087.02589826326
2023-02-26 00:00:00+00:00,34474.43201471473
2023-02-27 00:00:00+00:00,34474.43201471473
2023-02-28 00:00:00+00:00,34474.43201471473
2023-03-01 00:00:00+00:00,34474.43201471473
2023-03-02 00:00:00+00:00,32573.256772080713
2023-03-03 00:00:00+00:00,32857.90873894015
2023-03-04 00:00:00+00:00,31741.86370870261
2023-03-05 00:00:00+00:00,31784.464401498022
2023-03-06 00:00:00+00:00,31559.022976887863
2023-03-07 00:00:00+00:00,31559.022976887863
2023-03-08 00:00:00+00:00,31559.022976887863
2023-03-09 00:00:00+00:00,31559.022976887863
2023-03-10 00:00:00+00:00,31559.022976887863
2023-03-11 00:00:00+00:00,29122.201382065825
2023-03-12 00:00:00+00:00,29122.201382065825
2023-03-13 00:00:00+00:00,30862.94606782421
2023-03-14 00:00:00+00:00,31763.31341357817
2023-03-15 00:00:00+00:00,29630.07718546706
2023-03-16 00:00:00+00:00,29630.07718546706
2023-03-17 00:00:00+00:00,29630.07718546706
2023-03-18 00:00:00+00:00,27382.434957049227
2023-03-19 00:00:00+00:00,26250.409841269633
2023-03-20 00:00:00+00:00,26263.361453167978
2023-03-21 00:00:00+00:00,26301.588523349546
2023-03-22 00:00:00+00:00,27118.662956337732
2023-03-23 00:00:00+00:00,24809.40867652219
2023-03-24 00:00:00+00:00,24809.40867652219
2023-03-25 00:00:00+00:00,24434.44629684176
2023-03-26 00:00:00+00:00,24690.37842662228
2023-03-27 00:00:00+00:00,23077.154961872686
2023-03-28 00:00:00+00:00,23077.154961872686
2023-03-29 00:00:00+00:00,23077.154961872686
2023-03-30 00:00:00+00:00,23077.154961872686
2023-03-31 00:00:00+00:00,23077.154961872686
2023-04-01 00:00:00+00:00,23561.781221759687
2023-04-02 00:00:00+00:00,23616.590402477756
2023-04-03 00:00:00+00:00,24419.590677650816
2023-04-04 00:00:00+00:00,24472.135800174983
2023-04-05 00:00:00+00:00,24472.135800174983
2023-04-06 00:00:00+00:00,24472.135800174983
2023-04-07 00:00:00+00:00,24472.135800174983
2023-04-08 00:00:00+00:00,24472.135800174983
2023-04-09 00:00:00+00:00,24472.135800174983
2023-04-10 00:00:00+00:00,24472.135800174983
2023-04-11 00:00:00+00:00,24584.653772462014
2023-04-12 00:00:00+00:00,23941.55393962179
2023-04-13 00:00:00+00:00,23941.55393962179
2023-04-14 00:00:00+00:00,24468.805115006577
2023-04-15 00:00:00+00:00,26285.907819545235
2023-04-16 00:00:00+00:00,26091.81860297128
2023-04-17 00:00:00+00:00,26034.451177161925
2023-04-18 00:00:00+00:00,25403.25830633802
2023-04-19 00:00:00+00:00,25403.25830633802
2023-04-20 00:00:00+00:00,25115.823647676487
2023-04-21 00:00:00+00:00,25087.384067433697
2023-04-22 00:00:00+00:00,25225.53692503585
2023-04-23 00:00:00+00:00,24880.089047561247
2023-04-24 00:00:00+00:00,24694.420304489853
2023-04-25 00:00:00+00:00,24615.535087499873
2023-04-26 00:00:00+00:00,23003.532132879624
2023-04-27 00:00:00+00:00,24092.358257081625
2023-04-28 00:00:00+00:00,25025.03832264475
2023-04-29 00:00:00+00:00,24626.627550658144
2023-04-30 00:00:00+00:00,24858.17107845918
2023-05-01 00:00:00+00:00,24858.17107845918
2023-05-02 00:00:00+00:00,24541.856354818934
2023-05-03 00:00:00+00:00,24862.371344597406
2023-05-04 00:00:00+00:00,25174.24260715902
2023-05-05 00:00:00+00:00,25174.24260715902
2023-05-06 00:00:00+00:00,23315.19231783502
2023-05-07 00:00:00+00:00,25186.39422831618
2023-05-08 00:00:00+00:00,26423.868417040685
2023-05-09 00:00:00+00:00,28058.583085096645
2023-05-10 00:00:00+00:00,28027.701359585128
2023-05-11 00:00:00+00:00,26931.357414966566
2023-05-12 00:00:00+00:00,26931.357414966566
2023-05-13 00:00:00+00:00,26637.953612077737
2023-05-14 00:00:00+00:00,26637.953612077737
2023-05-15 00:00:00+00:00,26637.953612077737
2023-05-16 00:00:00+00:00,26637.953612077737
2023-05-17 00:00:00+00:00,26637.953612077737
2023-05-18 00:00:00+00:00,26637.953612077737
2023-05-19 00:00:00+00:00,26637.953612077737
2023-05-20 00:00:00+00:00,26637.953612077737
2023-05-21 00:00:00+00:00,26637.953612077737
2023-05-22 00:00:00+00:00,26637.953612077737
2023-05-23 00:00:00+00:00,26637.953612077737
2023-05-24 00:00:00+00:00,26653.338257830303
2023-05-25 00:00:00+00:00,28217.81806007914
2023-05-26 00:00:00+00:00,28217.81806007914
2023-05-27 00:00:00+00:00,28217.81806007914
2023-05-28 00:00:00+00:00,28217.81806007914
2023-05-29 00:00:00+00:00,29312.774383349846
2023-05-30 00:00:00+00:00,28393.31931153858
2023-05-31 00:00:00+00:00,28808.75463861925
2023-06-01 00:00:00+00:00,26461.96769050276
2023-06-02 00:00:00+00:00,26461.96769050276
2023-06-03 00:00:00+00:00,26461.96769050276
2023-06-04 00:00:00+00:00,26461.96769050276
2023-06-05 00:00:00+00:00,26461.96769050276
2023-06-06 00:00:00+00:00,26461.96769050276
2023-06-07 00:00:00+00:00,26461.96769050276
2023-06-08 00:00:00+00:00,26461.96769050276
2023-06-09 00:00:00+00:00,26461.96769050276
2023-06-10 00:00:00+00:00,26461.96769050276
2023-06-11 00:00:00+00:00,26461.96769050276
2023-06-12 00:00:00+00:00,26461.96769050276
2023-06-13 00:00:00+00:00,26461.96769050276
2023-06-14 00:00:00+00:00,26461.96769050276
2023-06-15 00:00:00+00:00,26461.96769050276
2023-06-16 00:00:00+00:00,26461.96769050276
2023-06-17 00:00:00+00:00,26461.96769050276
2023-06-18 00:00:00+00:00,26461.96769050276
2023-06-19 00:00:00+00:00,26461.96769050276
2023-06-20 00:00:00+00:00,26438.373491097824
2023-06-21 00:00:00+00:00,24878.824377678964
2023-06-22 00:00:00+00:00,28810.702413472813
2023-06-23 00:00:00+00:00,27641.28304221984
2023-06-24 00:00:00+00:00,31765.40707328408
2023-06-25 00:00:00+00:00,31765.40707328408
2023-06-26 00:00:00+00:00,31765.40707328408
2023-06-27 00:00:00+00:00,31765.40707328408
2023-06-28 00:00:00+00:00,31765.40707328408
2023-06-29 00:00:00+00:00,31765.40707328408
2023-06-30 00:00:00+00:00,31765.40707328408
2023-07-01 00:00:00+00:00,31765.40707328408
2023-07-02 00:00:00+00:00,31765.40707328408
2023-07-03 00:00:00+00:00,31765.40707328408
2023-07-04 00:00:00+00:00,31765.40707328408
2023-07-05 00:00:00+00:00,31765.40707328408
2023-07-06 00:00:00+00:00,31765.40707328408
2023-07-07 00:00:00+00:00,31765.40707328408
2023-07-08 00:00:00+00:00,31765.40707328408
2023-07-09 00:00:00+00:00,31765.40707328408
2023-07-10 00:00:00+00:00,31765.40707328408
2023-07-11 00:00:00+00:00,31765.40707328408
2023-07-12 00:00:00+00:00,31765.40707328408
2023-07-13 00:00:00+00:00,31765.40707328408
2023-07-14 00:00:00+00:00,31765.40707328408
2023-07-15 00:00:00+00:00,31765.40707328408
2023-07-16 00:00:00+00:00,31765.40707328408
2023-07-17 00:00:00+00:00,31765.40707328408
2023-07-18 00:00:00+00:00,31765.40707328408
2023-07-19 00:00:00+00:00,31765.40707328408
2023-07-20 00:00:00+00:00,31765.40707328408
2023-07-21 00:00:00+00:00,31765.40707328408
2023-07-22 00:00:00+00:00,31765.40707328408
2023-07-23 00:00:00+00:00,31765.40707328408
2023-07-24 00:00:00+00:00,31765.40707328408
2023-07-25 00:00:00+00:00,31765.40707328408
2023-07-26 00:00:00+00:00,31765.40707328408
2023-07-27 00:00:00+00:00,31765.40707328408
2023-07-28 00:00:00+00:00,31765.40707328408
2023-07-29 00:00:00+00:00,31765.40707328408
2023-07-30 00:00:00+00:00,31765.40707328408
2023-07-31 00:00:00+00:00,31765.40707328408
2023-08-01 00:00:00+00:00,31765.40707328408
2023-08-02 00:00:00+00:00,31765.40707328408
2023-08-03 00:00:00+00:00,31765.40707328408
2023-08-04 00:00:00+00:00,31765.40707328408
2023-08-05 00:00:00+00:00,31765.40707328408
2023-08-06 00:00:00+00:00,31765.40707328408
2023-08-07 00:00:00+00:00,31765.40707328408
2023-08-08 00:00:00+00:00,32534.146540558577
2023-08-09 00:00:00+00:00,34104.79749599569
2023-08-10 00:00:00+00:00,34040.8215705634
2023-08-11 00:00:00+00:00,33776.90413527275
2023-08-12 00:00:00+00:00,33776.90413527275
2023-08-13 00:00:00+00:00,33776.90413527275
2023-08-14 00:00:00+00:00,33776.90413527275
2023-08-15 00:00:00+00:00,33776.90413527275
2023-08-16 00:00:00+00:00,33776.90413527275
2023-08-17 00:00:00+00:00,33636.47462059687
2023-08-18 00:00:00+00:00,32462.40831294123
2023-08-19 00:00:00+00:00,32462.40831294123
2023-08-20 00:00:00+00:00,32595.50567593975
2023-08-21 00:00:00+00:00,32324.897568905344
2023-08-22 00:00:00+00:00,32620.760209255186
2023-08-23 00:00:00+00:00,33332.767533726445
2023-08-24 00:00:00+00:00,33332.767533726445
2023-08-25 00:00:00+00:00,33332.767533726445
2023-08-26 00:00:00+00:00,33332.767533726445
2023-08-27 00:00:00+00:00,33332.767533726445
2023-08-28 00:00:00+00:00,33332.767533726445
2023-08-29 00:00:00+00:00,33332.767533726445
2023-08-30 00:00:00+00:00,33332.767533726445
2023-08-31 00:00:00+00:00,33332.767533726445
2023-09-01 00:00:00+00:00,33332.767533726445
2023-09-02 00:00:00+00:00,33332.767533726445
2023-09-03 00:00:00+00:00,33332.767533726445
2023-09-04 00:00:00+00:00,33332.767533726445
2023-09-05 00:00:00+00:00,33332.767533726445
2023-09-06 00:00:00+00:00,33332.767533726445
2023-09-07 00:00:00+00:00,33332.767533726445
2023-09-08 00:00:00+00:00,33332.767533726445
2023-09-09 00:00:00+00:00,33332.767533726445
2023-09-10 00:00:00+00:00,33332.767533726445
2023-09-11 00:00:00+00:00,33332.767533726445
2023-09-12 00:00:00+00:00,33332.767533726445
2023-09-13 00:00:00+00:00,33332.767533726445
2023-09-14 00:00:00+00:00,33332.767533726445
2023-09-15 00:00:00+00:00,33332.767533726445
2023-09-16 00:00:00+00:00,33332.767533726445
2023-09-17 00:00:00+00:00,33332.767533726445
2023-09-18 00:00:00+00:00,33332.767533726445
2023-09-19 00:00:00+00:00,33332.767533726445
2023-09-20 00:00:00+00:00,33332.767533726445
2023-09-21 00:00:00+00:00,33332.767533726445
2023-09-22 00:00:00+00:00,33332.767533726445
2023-09-23 00:00:00+00:00,33332.767533726445
2023-09-24 00:00:00+00:00,33332.767533726445
2023-09-25 00:00:00+00:00,33332.767533726445
2023-09-26 00:00:00+00:00,33332.767533726445
2023-09-27 00:00:00+00:00,33332.767533726445
2023-09-28 00:00:00+00:00,33332.767533726445
2023-09-29 00:00:00+00:00,33332.767533726445
2023-09-30 00:00:00+00:00,33332.767533726445
2023-10-01 00:00:00+00:00,33332.767533726445
2023-10-02 00:00:00+00:00,33332.767533726445
2023-10-03 00:00:00+00:00,33332.767533726445
2023-10-04 00:00:00+00:00,33332.767533726445
2023-10-05 00:00:00+00:00,33118.94027029413
2023-10-06 00:00:00+00:00,33118.94027029413
2023-10-07 00:00:00+00:00,33118.94027029413
2023-10-08 00:00:00+00:00,33118.94027029413
2023-10-09 00:00:00+00:00,33118.94027029413
2023-10-10 00:00:00+00:00,33118.94027029413
2023-10-11 00:00:00+00:00,33118.94027029413
2023-10-12 00:00:00+00:00,33118.94027029413
2023-10-13 00:00:00+00:00,33063.96824476971
2023-10-14 00:00:00+00:00,32938.43859048254
2023-10-15 00:00:00+00:00,32938.43859048254
2023-10-16 00:00:00+00:00,32938.43859048254
2023-10-17 00:00:00+00:00,32938.43859048254
2023-10-18 00:00:00+00:00,32938.43859048254
2023-10-19 00:00:00+00:00,32938.43859048254
2023-10-20 00:00:00+00:00,32938.43859048254
2023-10-21 00:00:00+00:00,32933.71327631339
2023-10-22 00:00:00+00:00,31594.108951593804
2023-10-23 00:00:00+00:00,31219.57901979074
2023-10-24 00:00:00+00:00,31219.57901979074
2023-10-25 00:00:00+00:00,31219.57901979074
2023-10-26 00:00:00+00:00,31219.57901979074
2023-10-27 00:00:00+00:00,31219.57901979074
2023-10-28 00:00:00+00:00,30785.826618238483
2023-10-29 00:00:00+00:00,30785.826618238483
2023-10-30 00:00:00+00:00,30785.826618238483
2023-10-31 00:00:00+00:00,30785.826618238483
2023-11-01 00:00:00+00:00,30785.826618238483
2023-11-02 00:00:00+00:00,30472.782701561904
2023-11-03 00:00:00+00:00,29793.126938824556
2023-11-04 00:00:00+00:00,29693.075698370652
2023-11-05 00:00:00+00:00,29693.075698370652
2023-11-06 00:00:00+00:00,29091.059141467977
2023-11-07 00:00:00+00:00,29466.031662344554
2023-11-08 00:00:00+00:00,28837.463036023753
2023-11-09 00:00:00+00:00,28927.20572871041
2023-11-10 00:00:00+00:00,28887.432912508244
2023-11-11 00:00:00+00:00,28887.432912508244
2023-11-12 00:00:00+00:00,28887.432912508244
2023-11-13 00:00:00+00:00,28887.432912508244
2023-11-14 00:00:00+00:00,28887.432912508244
2023-11-15 00:00:00+00:00,28887.432912508244
2023-11-16 00:00:00+00:00,28887.432912508244
2023-11-17 00:00:00+00:00,28475.196558710933
2023-11-18 00:00:00+00:00,27861.339184404274
2023-11-19 00:00:00+00:00,27861.339184404274
2023-11-20 00:00:00+00:00,27861.339184404274
2023-11-21 00:00:00+00:00,27861.339184404274
2023-11-22 00:00:00+00:00,27861.339184404274
2023-11-23 00:00:00+00:00,27861.339184404274
2023-11-24 00:00:00+00:00,27861.339184404274
2023-11-25 00:00:00+00:00,27861.339184404274
2023-11-26 00:00:00+00:00,27861.339184404274
2023-11-27 00:00:00+00:00,27861.339184404274
2023-11-28 00:00:00+00:00,27861.339184404274
2023-11-29 00:00:00+00:00,27861.339184404274
2023-11-30 00:00:00+00:00,27861.339184404274
2023-12-01 00:00:00+00:00,27861.339184404274
2023-12-02 00:00:00+00:00,27861.339184404274
2023-12-03 00:00:00+00:00,27861.339184404274
2023-12-04 00:00:00+00:00,27861.339184404274
2023-12-05 00:00:00+00:00,27861.339184404274
2023-12-06 00:00:00+00:00,27861.339184404274
2023-12-07 00:00:00+00:00,27861.339184404274
2023-12-08 00:00:00+00:00,27861.339184404274
2023-12-09 00:00:00+00:00,27861.339184404274
2023-12-10 00:00:00+00:00,27861.339184404274
2023-12-11 00:00:00+00:00,27861.339184404274
2023-12-12 00:00:00+00:00,27861.339184404274
2023-12-13 00:00:00+00:00,27861.339184404274
2023-12-14 00:00:00+00:00,27861.339184404274
2023-12-15 00:00:00+00:00,27861.339184404274
2023-12-16 00:00:00+00:00,27861.339184404274
2023-12-17 00:00:00+00:00,27861.339184404274
2023-12-18 00:00:00+00:00,27861.339184404274
2023-12-19 00:00:00+00:00,27861.339184404274
2023-12-20 00:00:00+00:00,27861.339184404274
2023-12-21 00:00:00+00:00,27861.339184404274
2023-12-22 00:00:00+00:00,27861.339184404274
2023-12-23 00:00:00+00:00,27861.339184404274
2023-12-24 00:00:00+00:00,27861.339184404274
2023-12-25 00:00:00+00:00,27861.339184404274
2023-12-26 00:00:00+00:00,27861.339184404274
2023-12-27 00:00:00+00:00,27861.339184404274
2023-12-28 00:00:00+00:00,27861.339184404274
2023-12-29 00:00:00+00:00,27861.339184404274
2023-12-30 00:00:00+00:00,27861.339184404274
2023-12-31 00:00:00+00:00,27861.339184404274
2024-01-01 00:00:00+00:00,27861.339184404274
2024-01-02 00:00:00+00:00,27861.339184404274
2024-01-03 00:00:00+00:00,27861.339184404274
2024-01-04 00:00:00+00:00,28156.88183173278
2024-01-05 00:00:00+00:00,27439.44538160569
2024-01-06 00:00:00+00:00,27439.44538160569
2024-01-07 00:00:00+00:00,27439.44538160569
2024-01-08 00:00:00+00:00,27439.44538160569
2024-01-09 00:00:00+00:00,27439.44538160569
2024-01-10 00:00:00+00:00,27439.44538160569
2024-01-11 00:00:00+00:00,27439.44538160569
2024-01-12 00:00:00+00:00,27439.44538160569
2024-01-13 00:00:00+00:00,27439.44538160569
2024-01-14 00:00:00+00:00,27439.44538160569
2024-01-15 00:00:00+00:00,27439.44538160569
2024-01-16 00:00:00+00:00,27439.44538160569
2024-01-17 00:00:00+00:00,27439.44538160569
2024-01-18 00:00:00+00:00,27439.44538160569
2024-01-19 00:00:00+00:00,26684.044076501214
2024-01-20 00:00:00+00:00,26684.044076501214
2024-01-21 00:00:00+00:00,26684.044076501214
2024-01-22 00:00:00+00:00,26684.044076501214
2024-01-23 00:00:00+00:00,26500.925763195344
2024-01-24 00:00:00+00:00,26182.694786166063
2024-01-25 00:00:00+00:00,26182.694786166063
2024-01-26 00:00:00+00:00,26182.694786166063
2024-01-27 00:00:00+00:00,26182.694786166063
2024-01-28 00:00:00+00:00,26182.694786166063
2024-01-29 00:00:00+00:00,26182.694786166063
2024-01-30 00:00:00+00:00,26182.694786166063
2024-01-31 00:00:00+00:00,26182.694786166063
2024-02-01 00:00:00+00:00,26182.694786166063
2024-02-02 00:00:00+00:00,26182.694786166063
2024-02-03 00:00:00+00:00,26182.694786166063
2024-02-04 00:00:00+00:00,26182.694786166063
2024-02-05 00:00:00+00:00,26182.694786166063
2024-02-06 00:00:00+00:00,26182.694786166063
2024-02-07 00:00:00+00:00,26182.694786166063
2024-02-08 00:00:00+00:00,26182.694786166063
2024-02-09 00:00:00+00:00,26182.694786166063
2024-02-10 00:00:00+00:00,26182.694786166063
2024-02-11 00:00:00+00:00,26182.694786166063
2024-02-12 00:00:00+00:00,26182.694786166063
2024-02-13 00:00:00+00:00,25881.337600290157
2024-02-14 00:00:00+00:00,25501.739880579695
2024-02-15 00:00:00+00:00,25501.739880579695
2024-02-16 00:00:00+00:00,25501.739880579695
2024-02-17 00:00:00+00:00,25501.739880579695
2024-02-18 00:00:00+00:00,25501.739880579695
2024-02-19 00:00:00+00:00,25501.739880579695
2024-02-20 00:00:00+00:00,25501.739880579695
2024-02-21 00:00:00+00:00,25501.739880579695
2024-02-22 00:00:00+00:00,24621.164872491514
2024-02-23 00:00:00+00:00,24621.164872491514
2024-02-24 00:00:00+00:00,24621.164872491514
2024-02-25 00:00:00+00:00,24621.164872491514
2024-02-26 00:00:00+00:00,24621.164872491514
2024-02-27 00:00:00+00:00,24621.164872491514
2024-02-28 00:00:00+00:00,24621.164872491514
2024-02-29 00:00:00+00:00,23144.455448966768
2024-03-01 00:00:00+00:00,22972.463726756247
2024-03-02 00:00:00+00:00,24874.021896454844
2024-03-03 00:00:00+00:00,24503.50207912338
2024-03-04 00:00:00+00:00,25540.420731352813
2024-03-05 00:00:00+00:00,25540.420731352813
2024-03-06 00:00:00+00:00,25540.420731352813
2024-03-07 00:00:00+00:00,24008.14997145012
2024-03-08 00:00:00+00:00,23368.61565830464
2024-03-09 00:00:00+00:00,24274.614675623114
2024-03-10 00:00:00+00:00,24274.614675623114
2024-03-11 00:00:00+00:00,24274.614675623114
2024-03-12 00:00:00+00:00,25565.1793683621
2024-03-13 00:00:00+00:00,23460.32308283403
2024-03-14 00:00:00+00:00,23460.32308283403
2024-03-15 00:00:00+00:00,23460.32308283403
2024-03-16 00:00:00+00:00,21681.090321889165
2024-03-17 00:00:00+00:00,21681.090321889165
2024-03-18 00:00:00+00:00,21448.98348916878
2024-03-19 00:00:00+00:00,21448.98348916878
2024-03-20 00:00:00+00:00,25177.973553837903
2024-03-21 00:00:00+00:00,23024.253263439048
2024-03-22 00:00:00+00:00,23024.253263439048
2024-03-23 00:00:00+00:00,21824.169239738443
2024-03-24 00:00:00+00:00,21824.169239738443
2024-03-25 00:00:00+00:00,21824.169239738443
2024-03-26 00:00:00+00:00,21824.169239738443
2024-03-27 00:00:00+00:00,21824.169239738443
2024-03-28 00:00:00+00:00,21824.169239738443
2024-03-29 00:00:00+00:00,21824.169239738443
2024-03-30 00:00:00+00:00,21824.169239738443
2024-03-31 00:00:00+00:00,21824.169239738443
2024-04-01 00:00:00+00:00,21824.169239738443
2024-04-02 00:00:00+00:00,21824.169239738443
2024-04-03 00:00:00+00:00,23195.272015626037
2024-04-04 00:00:00+00:00,22530.186618394375
2024-04-05 00:00:00+00:00,20565.3276307151
2024-04-06 00:00:00+00:00,20565.3276307151
2024-04-07 00:00:00+00:00,20565.3276307151
2024-04-08 00:00:00+00:00,20565.3276307151
2024-04-09 00:00:00+00:00,20565.3276307151
2024-04-10 00:00:00+00:00,20565.3276307151
2024-04-11 00:00:00+00:00,20565.3276307151
2024-04-12 00:00:00+00:00,20565.3276307151
2024-04-13 00:00:00+00:00,21436.842360389965
2024-04-14 00:00:00+00:00,26520.01224690982
2024-04-15 00:00:00+00:00,26520.01224690982
2024-04-16 00:00:00+00:00,26520.01224690982
2024-04-17 00:00:00+00:00,26520.01224690982
2024-04-18 00:00:00+00:00,26520.01224690982
2024-04-19 00:00:00+00:00,26520.01224690982
2024-04-20 00:00:00+00:00,26520.01224690982
2024-04-21 00:00:00+00:00,26520.01224690982
2024-04-22 00:00:00+00:00,26520.01224690982
2024-04-23 00:00:00+00:00,26520.01224690982
2024-04-24 00:00:00+00:00,26520.01224690982
2024-04-25 00:00:00+00:00,26520.01224690982
2024-04-26 00:00:00+00:00,26520.01224690982
2024-04-27 00:00:00+00:00,26520.01224690982
2024-04-28 00:00:00+00:00,26520.01224690982
2024-04-29 00:00:00+00:00,26520.01224690982
2024-04-30 00:00:00+00:00,26520.01224690982
2024-05-01 00:00:00+00:00,27084.83634333506
2024-05-02 00:00:00+00:00,28337.293261239647
2024-05-03 00:00:00+00:00,27939.349751792543
2024-05-04 00:00:00+00:00,28007.235549039204
2024-05-05 00:00:00+00:00,28007.235549039204
2024-05-06 00:00:00+00:00,28007.235549039204
2024-05-07 00:00:00+00:00,28007.235549039204
2024-05-08 00:00:00+00:00,28007.235549039204
2024-05-09 00:00:00+00:00,28007.235549039204
2024-05-10 00:00:00+00:00,28007.235549039204
2024-05-11 00:00:00+00:00,27900.64177195007
2024-05-12 00:00:00+00:00,26964.445588835762
2024-05-13 00:00:00+00:00,26501.876556768922
2024-05-14 00:00:00+00:00,26501.876556768922
2024-05-15 00:00:00+00:00,26501.876556768922
2024-05-16 00:00:00+00:00,26501.876556768922
2024-05-17 00:00:00+00:00,26501.876556768922
2024-05-18 00:00:00+00:00,26501.876556768922
2024-05-19 00:00:00+00:00,26501.876556768922
2024-05-20 00:00:00+00:00,26501.876556768922
2024-05-21 00:00:00+00:00,27962.83327576233
2024-05-22 00:00:00+00:00,28693.905371065284
2024-05-23 00:00:00+00:00,28385.844763543388
2024-05-24 00:00:00+00:00,28638.278647188727
2024-05-25 00:00:00+00:00,28638.278647188727
2024-05-26 00:00:00+00:00,28638.278647188727
2024-05-27 00:00:00+00:00,29139.523385484783
2024-05-28 00:00:00+00:00,26933.269074424512
2024-05-29 00:00:00+00:00,26933.269074424512
2024-05-30 00:00:00+00:00,26933.269074424512
2024-05-31 00:00:00+00:00,26933.269074424512
2024-06-01 00:00:00+00:00,26933.269074424512
2024-06-02 00:00:00+00:00,26933.269074424512
2024-06-03 00:00:00+00:00,26933.269074424512
2024-06-04 00:00:00+00:00,26933.269074424512
2024-06-05 00:00:00+00:00,26933.269074424512
2024-06-06 00:00:00+00:00,26933.269074424512
2024-06-07 00:00:00+00:00,26933.269074424512
2024-06-08 00:00:00+00:00,26933.269074424512
2024-06-09 00:00:00+00:00,26933.269074424512
2024-06-10 00:00:00+00:00,26933.269074424512
2024-06-11 00:00:00+00:00,26933.269074424512
2024-06-12 00:00:00+00:00,29213.858909615647
2024-06-13 00:00:00+00:00,26134.48424135235
2024-06-14 00:00:00+00:00,26072.878474183686
2024-06-15 00:00:00+00:00,25440.14466115825
2024-06-16 00:00:00+00:00,25130.34750614636
2024-06-17 00:00:00+00:00,25017.245771324575
2024-06-18 00:00:00+00:00,23155.92585413844
2024-06-19 00:00:00+00:00,23195.79120446668
2024-06-20 00:00:00+00:00,23088.302837339244
2024-06-21 00:00:00+00:00,23044.806483704808
2024-06-22 00:00:00+00:00,23044.806483704808
2024-06-23 00:00:00+00:00,23044.806483704808
2024-06-24 00:00:00+00:00,23044.806483704808
2024-06-25 00:00:00+00:00,21350.153504550053
2024-06-26 00:00:00+00:00,21350.153504550053
2024-06-27 00:00:00+00:00,21350.153504550053
2024-06-28 00:00:00+00:00,21342.073037529644
2024-06-29 00:00:00+00:00,21310.381374954355
2024-06-30 00:00:00+00:00,21310.381374954355
2024-07-01 00:00:00+00:00,21310.381374954355
2024-07-02 00:00:00+00:00,21310.381374954355
2024-07-03 00:00:00+00:00,21310.381374954355
2024-07-04 00:00:00+00:00,22901.331427928053
2024-07-05 00:00:00+00:00,29396.202979756352
2024-07-06 00:00:00+00:00,29416.7106824743
2024-07-07 00:00:00+00:00,29416.7106824743
2024-07-08 00:00:00+00:00,29416.7106824743
2024-07-09 00:00:00+00:00,29416.7106824743
2024-07-10 00:00:00+00:00,29416.7106824743
2024-07-11 00:00:00+00:00,29416.7106824743
2024-07-12 00:00:00+00:00,28451.444812788082
2024-07-13 00:00:00+00:00,28451.444812788082
2024-07-14 00:00:00+00:00,28451.444812788082
2024-07-15 00:00:00+00:00,28451.444812788082
2024-07-16 00:00:00+00:00,28097.539262441802
2024-07-17 00:00:00+00:00,28097.539262441802
2024-07-18 00:00:00+00:00,28097.539262441802
2024-07-19 00:00:00+00:00,28097.539262441802
2024-07-20 00:00:00+00:00,28097.539262441802
2024-07-21 00:00:00+00:00,28097.539262441802
2024-07-22 00:00:00+00:00,28097.539262441802
2024-07-23 00:00:00+00:00,28097.539262441802
2024-07-24 00:00:00+00:00,28097.539262441802
2024-07-25 00:00:00+00:00,28097.539262441802
2024-07-26 00:00:00+00:00,27930.90449752199
2024-07-27 00:00:00+00:00,26419.0757040127
2024-07-28 00:00:00+00:00,26419.0757040127
2024-07-29 00:00:00+00:00,26419.0757040127
2024-07-30 00:00:00+00:00,26419.0757040127
2024-07-31 00:00:00+00:00,26419.0757040127
2024-08-01 00:00:00+00:00,26419.0757040127
2024-08-02 00:00:00+00:00,25525.25679320632
2024-08-03 00:00:00+00:00,25525.25679320632
2024-08-04 00:00:00+00:00,25525.25679320632
2024-08-05 00:00:00+00:00,25525.25679320632
2024-08-06 00:00:00+00:00,23585.35733634593
2024-08-07 00:00:00+00:00,21760.63411315871
2024-08-08 00:00:00+00:00,21709.324632096857
2024-08-09 00:00:00+00:00,21709.324632096857
2024-08-10 00:00:00+00:00,21709.324632096857
2024-08-11 00:00:00+00:00,21709.324632096857
2024-08-12 00:00:00+00:00,21709.324632096857
2024-08-13 00:00:00+00:00,21709.324632096857
2024-08-14 00:00:00+00:00,21709.324632096857
2024-08-15 00:00:00+00:00,21709.324632096857
2024-08-16 00:00:00+00:00,21709.324632096857
2024-08-17 00:00:00+00:00,21709.324632096857
2024-08-18 00:00:00+00:00,21709.324632096857
2024-08-19 00:00:00+00:00,21709.324632096857
2024-08-20 00:00:00+00:00,21709.324632096857
2024-08-21 00:00:00+00:00,21709.324632096857
2024-08-22 00:00:00+00:00,21709.324632096857
2024-08-23 00:00:00+00:00,21709.324632096857
2024-08-24 00:00:00+00:00,21709.324632096857
2024-08-25 00:00:00+00:00,21709.324632096857
2024-08-26 00:00:00+00:00,21709.324632096857
2024-08-27 00:00:00+00:00,21709.324632096857
2024-08-28 00:00:00+00:00,21709.324632096857
2024-08-29 00:00:00+00:00,21709.324632096857
2024-08-30 00:00:00+00:00,21709.324632096857
2024-08-31 00:00:00+00:00,21709.324632096857
2024-09-01 00:00:00+00:00,21709.324632096857
2024-09-02 00:00:00+00:00,21709.324632096857
2024-09-03 00:00:00+00:00,21709.324632096857
2024-09-04 00:00:00+00:00,21709.324632096857
2024-09-05 00:00:00+00:00,22951.125748523606
2024-09-06 00:00:00+00:00,21591.820314488865
2024-09-07 00:00:00+00:00,19970.228129938136
2024-09-08 00:00:00+00:00,19970.228129938136
2024-09-09 00:00:00+00:00,19970.228129938136
2024-09-10 00:00:00+00:00,19970.228129938136
2024-09-11 00:00:00+00:00,19970.228129938136
2024-09-12 00:00:00+00:00,19970.228129938136
2024-09-13 00:00:00+00:00,19970.228129938136
2024-09-14 00:00:00+00:00,19970.228129938136
2024-09-15 00:00:00+00:00,19970.228129938136
2024-09-16 00:00:00+00:00,19970.228129938136
2024-09-17 00:00:00+00:00,19970.228129938136
2024-09-18 00:00:00+00:00,19970.228129938136
2024-09-19 00:00:00+00:00,19970.228129938136
2024-09-20 00:00:00+00:00,20017.770714672464
2024-09-21 00:00:00+00:00,19666.607653661486
2024-09-22 00:00:00+00:00,19666.607653661486
2024-09-23 00:00:00+00:00,19666.607653661486
2024-09-24 00:00:00+00:00,19666.607653661486
2024-09-25 00:00:00+00:00,19666.607653661486
2024-09-26 00:00:00+00:00,19666.607653661486
2024-09-27 00:00:00+00:00,19666.607653661486
2024-09-28 00:00:00+00:00,19666.607653661486
2024-09-29 00:00:00+00:00,19666.607653661486
2024-09-30 00:00:00+00:00,19666.607653661486
2024-10-01 00:00:00+00:00,19666.607653661486
2024-10-02 00:00:00+00:00,18486.71728656115
2024-10-03 00:00:00+00:00,19978.8023559764
2024-10-04 00:00:00+00:00,19978.8023559764
2024-10-05 00:00:00+00:00,19978.8023559764
2024-10-06 00:00:00+00:00,19978.8023559764
2024-10-07 00:00:00+00:00,19978.8023559764
2024-10-08 00:00:00+00:00,19978.8023559764
2024-10-09 00:00:00+00:00,19978.8023559764
2024-10-10 00:00:00+00:00,19978.8023559764
2024-10-11 00:00:00+00:00,19978.8023559764
2024-10-12 00:00:00+00:00,19978.8023559764
2024-10-13 00:00:00+00:00,19978.8023559764
2024-10-14 00:00:00+00:00,19978.8023559764
2024-10-15 00:00:00+00:00,19978.8023559764
2024-10-16 00:00:00+00:00,19978.8023559764
2024-10-17 00:00:00+00:00,19978.8023559764
2024-10-18 00:00:00+00:00,19978.8023559764
2024-10-19 00:00:00+00:00,19978.8023559764
2024-10-20 00:00:00+00:00,19978.8023559764
2024-10-21 00:00:00+00:00,19978.8023559764
2024-10-22 00:00:00+00:00,19978.8023559764
2024-10-23 00:00:00+00:00,19978.8023559764
2024-10-24 00:00:00+00:00,19978.8023559764
2024-10-25 00:00:00+00:00,19978.8023559764
2024-10-26 00:00:00+00:00,19978.8023559764
2024-10-27 00:00:00+00:00,19978.8023559764
2024-10-28 00:00:00+00:00,19978.8023559764
2024-10-29 00:00:00+00:00,19978.8023559764
2024-10-30 00:00:00+00:00,19978.8023559764
2024-10-31 00:00:00+00:00,19978.8023559764
2024-11-01 00:00:00+00:00,19978.8023559764
2024-11-02 00:00:00+00:00,19978.8023559764
2024-11-03 00:00:00+00:00,19978.8023559764
2024-11-04 00:00:00+00:00,19978.8023559764
2024-11-05 00:00:00+00:00,19730.83953434649
2024-11-06 00:00:00+00:00,20156.224607233602
2024-11-07 00:00:00+00:00,25755.367396305133
2024-11-08 00:00:00+00:00,25755.367396305133
2024-11-09 00:00:00+00:00,24164.702257624427
2024-11-10 00:00:00+00:00,23977.385304922747
2024-11-11 00:00:00+00:00,23977.385304922747
2024-11-12 00:00:00+00:00,23977.385304922747
2024-11-13 00:00:00+00:00,23977.385304922747
2024-11-14 00:00:00+00:00,23977.385304922747
2024-11-15 00:00:00+00:00,23977.385304922747
2024-11-16 00:00:00+00:00,23977.385304922747
2024-11-17 00:00:00+00:00,23977.385304922747
2024-11-18 00:00:00+00:00,23977.385304922747
2024-11-19 00:00:00+00:00,23977.385304922747
2024-11-20 00:00:00+00:00,23977.385304922747
2024-11-21 00:00:00+00:00,23977.385304922747
2024-11-22 00:00:00+00:00,23977.385304922747
2024-11-23 00:00:00+00:00,23977.385304922747
2024-11-24 00:00:00+00:00,23977.385304922747
2024-11-25 00:00:00+00:00,23977.385304922747
2024-11-26 00:00:00+00:00,23977.385304922747
2024-11-27 00:00:00+00:00,24131.910447734197
2024-11-28 00:00:00+00:00,30051.41872464772
2024-11-29 00:00:00+00:00,28679.10534425408
2024-11-30 00:00:00+00:00,28856.165311900622
2024-12-01 00:00:00+00:00,28856.165311900622
2024-12-02 00:00:00+00:00,28856.165311900622
2024-12-03 00:00:00+00:00,27187.40987753448
2024-12-04 00:00:00+00:00,27618.80775358492
2024-12-05 00:00:00+00:00,31164.034781199498
2024-12-06 00:00:00+00:00,30244.42391465058
2024-12-07 00:00:00+00:00,33308.89810148345
2024-12-08 00:00:00+00:00,33308.89810148345
2024-12-09 00:00:00+00:00,33308.89810148345
2024-12-10 00:00:00+00:00,33308.89810148345
2024-12-11 00:00:00+00:00,30775.828830085942
2024-12-12 00:00:00+00:00,30775.828830085942
2024-12-13 00:00:00+00:00,30775.828830085942
2024-12-14 00:00:00+00:00,30775.828830085942
2024-12-15 00:00:00+00:00,30775.828830085942
2024-12-16 00:00:00+00:00,30775.828830085942
2024-12-17 00:00:00+00:00,30775.828830085942
2024-12-18 00:00:00+00:00,30775.828830085942
2024-12-19 00:00:00+00:00,30775.828830085942
2024-12-20 00:00:00+00:00,30775.828830085942
2024-12-21 00:00:00+00:00,31171.080700602666
2024-12-22 00:00:00+00:00,31171.080700602666
2024-12-23 00:00:00+00:00,31171.080700602666
2024-12-24 00:00:00+00:00,31171.080700602666
2024-12-25 00:00:00+00:00,31171.080700602666
2024-12-26 00:00:00+00:00,31171.080700602666
2024-12-27 00:00:00+00:00,31171.080700602666
2024-12-28 00:00:00+00:00,31171.080700602666
2024-12-29 00:00:00+00:00,31171.080700602666
2024-12-30 00:00:00+00:00,31171.080700602666
2024-12-31 00:00:00+00:00,31171.080700602666
2025-01-01 00:00:00+00:00,31171.080700602666
2025-01-02 00:00:00+00:00,31171.080700602666
2025-01-03 00:00:00+00:00,31171.080700602666
2025-01-04 00:00:00+00:00,31171.080700602666
2025-01-05 00:00:00+00:00,31470.634185781542
2025-01-06 00:00:00+00:00,31206.126759627543
2025-01-07 00:00:00+00:00,31802.000547163556
2025-01-08 00:00:00+00:00,30476.34281800708
2025-01-09 00:00:00+00:00,30476.34281800708
2025-01-10 00:00:00+00:00,30476.34281800708
2025-01-11 00:00:00+00:00,30476.34281800708
2025-01-12 00:00:00+00:00,30476.34281800708
2025-01-13 00:00:00+00:00,30476.34281800708
2025-01-14 00:00:00+00:00,30476.34281800708
2025-01-15 00:00:00+00:00,29196.834056379146
2025-01-16 00:00:00+00:00,29027.900198397176
2025-01-17 00:00:00+00:00,29027.900198397176
2025-01-18 00:00:00+00:00,29027.900198397176
2025-01-19 00:00:00+00:00,29027.900198397176
2025-01-20 00:00:00+00:00,29027.900198397176
2025-01-21 00:00:00+00:00,28710.503751990975
2025-01-22 00:00:00+00:00,28710.503751990975
2025-01-23 00:00:00+00:00,28710.503751990975
2025-01-24 00:00:00+00:00,28710.503751990975
2025-01-25 00:00:00+00:00,28710.503751990975
2025-01-26 00:00:00+00:00,28710.503751990975
2025-01-27 00:00:00+00:00,28710.503751990975
2025-01-28 00:00:00+00:00,28710.503751990975
2025-01-29 00:00:00+00:00,28710.503751990975
2025-01-30 00:00:00+00:00,28710.503751990975
2025-01-31 00:00:00+00:00,28710.503751990975
2025-02-01 00:00:00+00:00,28710.503751990975
2025-02-02 00:00:00+00:00,28710.503751990975
2025-02-03 00:00:00+00:00,28710.503751990975
2025-02-04 00:00:00+00:00,28710.503751990975
2025-02-05 00:00:00+00:00,29845.87307449189
2025-02-06 00:00:00+00:00,31216.470995767748
2025-02-07 00:00:00+00:00,28673.275309739038
2025-02-08 00:00:00+00:00,28673.275309739038
2025-02-09 00:00:00+00:00,28673.275309739038
2025-02-10 00:00:00+00:00,28673.275309739038
2025-02-11 00:00:00+00:00,28673.275309739038
2025-02-12 00:00:00+00:00,28673.275309739038
2025-02-13 00:00:00+00:00,28673.275309739038
2025-02-14 00:00:00+00:00,28673.275309739038
2025-02-15 00:00:00+00:00,28673.275309739038
2025-02-16 00:00:00+00:00,28673.275309739038
2025-02-17 00:00:00+00:00,28673.275309739038
2025-02-18 00:00:00+00:00,28673.275309739038
2025-02-19 00:00:00+00:00,28673.275309739038
2025-02-20 00:00:00+00:00,28673.275309739038
2025-02-21 00:00:00+00:00,28673.275309739038
2025-02-22 00:00:00+00:00,26953.00597508259
2025-02-23 00:00:00+00:00,26953.00597508259
2025-02-24 00:00:00+00:00,26953.00597508259
2025-02-25 00:00:00+00:00,34514.70820472674
2025-02-26 00:00:00+00:00,34514.70820472674
2025-02-27 00:00:00+00:00,34514.70820472674
2025-02-28 00:00:00+00:00,34514.70820472674
2025-03-01 00:00:00+00:00,34514.70820472674
2025-03-02 00:00:00+00:00,34514.70820472674
2025-03-03 00:00:00+00:00,34514.70820472674
2025-03-04 00:00:00+00:00,34514.70820472674
2025-03-05 00:00:00+00:00,32445.981380680052
2025-03-06 00:00:00+00:00,32445.981380680052
2025-03-07 00:00:00+00:00,32445.981380680052
2025-03-08 00:00:00+00:00,32445.981380680052
2025-03-09 00:00:00+00:00,32445.981380680052
2025-03-10 00:00:00+00:00,32445.981380680052
2025-03-11 00:00:00+00:00,32445.981380680052
2025-03-12 00:00:00+00:00,32445.981380680052
2025-03-13 00:00:00+00:00,32445.981380680052
2025-03-14 00:00:00+00:00,31635.06252908224
2025-03-15 00:00:00+00:00,31273.644282050544
2025-03-16 00:00:00+00:00,31273.644282050544
2025-03-17 00:00:00+00:00,30735.61501489177
2025-03-18 00:00:00+00:00,31257.668972536707
2025-03-19 00:00:00+00:00,31326.050370759982
2025-03-20 00:00:00+00:00,32705.411008473668
2025-03-21 00:00:00+00:00,30743.453611300887
2025-03-22 00:00:00+00:00,30743.453611300887
2025-03-23 00:00:00+00:00,30743.453611300887
2025-03-24 00:00:00+00:00,30743.453611300887
2025-03-25 00:00:00+00:00,30743.453611300887
2025-03-26 00:00:00+00:00,30743.453611300887
2025-03-27 00:00:00+00:00,30743.453611300887
2025-03-28 00:00:00+00:00,30743.453611300887
2025-03-29 00:00:00+00:00,30743.453611300887
2025-03-30 00:00:00+00:00,30743.453611300887
2025-03-31 00:00:00+00:00,30743.453611300887
2025-04-01 00:00:00+00:00,30743.453611300887
2025-04-02 00:00:00+00:00,30743.453611300887
2025-04-03 00:00:00+00:00,30743.453611300887
2025-04-04 00:00:00+00:00,30743.453611300887
2025-04-05 00:00:00+00:00,30743.453611300887
2025-04-06 00:00:00+00:00,30743.453611300887
2025-04-07 00:00:00+00:00,31555.403638597018
2025-04-08 00:00:00+00:00,29938.051624381795
2025-04-09 00:00:00+00:00,29522.65805364459
2025-04-10 00:00:00+00:00,29157.956296043572
2025-04-11 00:00:00+00:00,29157.956296043572
2025-04-12 00:00:00+00:00,29157.956296043572
2025-04-13 00:00:00+00:00,29157.956296043572
2025-04-14 00:00:00+00:00,29157.956296043572
2025-04-15 00:00:00+00:00,29157.956296043572
2025-04-16 00:00:00+00:00,29157.956296043572
2025-04-17 00:00:00+00:00,29157.956296043572
2025-04-18 00:00:00+00:00,29157.956296043572
2025-04-19 00:00:00+00:00,29157.956296043572
2025-04-20 00:00:00+00:00,29157.956296043572
2025-04-21 00:00:00+00:00,29157.956296043572
2025-04-22 00:00:00+00:00,29157.956296043572
2025-04-23 00:00:00+00:00,29157.956296043572
2025-04-24 00:00:00+00:00,29157.956296043572
2025-04-25 00:00:00+00:00,29157.956296043572
2025-04-26 00:00:00+00:00,29157.956296043572
2025-04-27 00:00:00+00:00,29157.956296043572
2025-04-28 00:00:00+00:00,29157.956296043572
2025-04-29 00:00:00+00:00,29157.956296043572
2025-04-30 00:00:00+00:00,29157.956296043572
2025-05-01 00:00:00+00:00,29157.956296043572
2025-05-02 00:00:00+00:00,29157.956296043572
2025-05-03 00:00:00+00:00,29157.956296043572
2025-05-04 00:00:00+00:00,29157.956296043572
2025-05-05 00:00:00+00:00,29157.956296043572
2025-05-06 00:00:00+00:00,29157.956296043572
2025-05-07 00:00:00+00:00,29157.956296043572
2025-05-08 00:00:00+00:00,29157.956296043572
2025-05-09 00:00:00+00:00,29157.956296043572
2025-05-10 00:00:00+00:00,29157.956296043572
2025-05-11 00:00:00+00:00,29157.956296043572
2025-05-12 00:00:00+00:00,29157.956296043572
2025-05-13 00:00:00+00:00,29157.956296043572
2025-05-14 00:00:00+00:00,29157.956296043572
2025-05-15 00:00:00+00:00,29055.536995889674
2025-05-16 00:00:00+00:00,27402.90492290346
2025-05-17 00:00:00+00:00,27402.90492290346
2025-05-18 00:00:00+00:00,27402.90492290346
2025-05-19 00:00:00+00:00,27402.90492290346
2025-05-20 00:00:00+00:00,27402.90492290346
2025-05-21 00:00:00+00:00,27402.90492290346
2025-05-22 00:00:00+00:00,27402.90492290346
2025-05-23 00:00:00+00:00,27402.90492290346
2025-05-24 00:00:00+00:00,27402.90492290346
2025-05-25 00:00:00+00:00,27402.90492290346
2025-05-26 00:00:00+00:00,27402.90492290346
2025-05-27 00:00:00+00:00,27402.90492290346
2025-05-28 00:00:00+00:00,27372.31120583219
2025-05-29 00:00:00+00:00,26517.67610687045
2025-05-30 00:00:00+00:00,26517.67610687045
2025-05-31 00:00:00+00:00,26517.67610687045
2025-06-01 00:00:00+00:00,26517.67610687045
2025-06-02 00:00:00+00:00,26517.67610687045
2025-06-03 00:00:00+00:00,26517.67610687045
2025-06-04 00:00:00+00:00,26517.67610687045
2025-06-05 00:00:00+00:00,26517.67610687045
2025-06-06 00:00:00+00:00,26517.67610687045
2025-06-07 00:00:00+00:00,26517.67610687045
2025-06-08 00:00:00+00:00,26517.67610687045
2025-06-09 00:00:00+00:00,26517.67610687045
2025-06-10 00:00:00+00:00,27265.630158787924
2025-06-11 00:00:00+00:00,30784.451218315793
2025-06-12 00:00:00+00:00,30784.451218315793
2025-06-13 00:00:00+00:00,30784.451218315793
2025-06-14 00:00:00+00:00,30784.451218315793
2025-06-15 00:00:00+00:00,30784.451218315793
2025-06-16 00:00:00+00:00,30784.451218315793
2025-06-17 00:00:00+00:00,30784.451218315793
2025-06-18 00:00:00+00:00,30784.451218315793
2025-06-19 00:00:00+00:00,30784.451218315793
2025-06-20 00:00:00+00:00,30784.451218315793
2025-06-21 00:00:00+00:00,30989.07205288776
2025-06-22 00:00:00+00:00,35123.54387696101
2025-06-23 00:00:00+00:00,39631.77246396642
2025-06-24 00:00:00+00:00,39631.77246396642
2025-06-25 00:00:00+00:00,39631.77246396642
2025-06-26 00:00:00+00:00,39631.77246396642
2025-06-27 00:00:00+00:00,39631.77246396642
2025-06-28 00:00:00+00:00,39631.77246396642
2025-06-29 00:00:00+00:00,39631.77246396642
2025-06-30 00:00:00+00:00,39631.77246396642
2025-07-01 00:00:00+00:00,39631.77246396642
2025-07-02 00:00:00+00:00,39631.77246396642
2025-07-03 00:00:00+00:00,39631.77246396642
2025-07-04 00:00:00+00:00,39631.77246396642
2025-07-05 00:00:00+00:00,39631.77246396642
2025-07-06 00:00:00+00:00,39631.77246396642
2025-07-07 00:00:00+00:00,39631.77246396642
2025-07-08 00:00:00+00:00,39631.77246396642
2025-07-09 00:00:00+00:00,39631.77246396642
2025-07-10 00:00:00+00:00,39631.77246396642
2025-07-11 00:00:00+00:00,39631.77246396642
2025-07-12 00:00:00+00:00,39631.77246396642
2025-07-13 00:00:00+00:00,39631.77246396642
2025-07-14 00:00:00+00:00,39631.77246396642
2025-07-15 00:00:00+00:00,38940.05088792217
2025-07-16 00:00:00+00:00,38940.05088792217
2025-07-17 00:00:00+00:00,38940.05088792217
2025-07-18 00:00:00+00:00,38940.05088792217
2025-07-19 00:00:00+00:00,36588.364663933746
2025-07-20 00:00:00+00:00,36588.364663933746
2025-07-21 00:00:00+00:00,36588.364663933746
2025-07-22 00:00:00+00:00,36588.364663933746
2025-07-23 00:00:00+00:00,34393.34350955371
2025-07-24 00:00:00+00:00,34393.34350955371
2025-07-25 00:00:00+00:00,32101.07414708211
2025-07-26 00:00:00+00:00,31777.336116610823
2025-07-27 00:00:00+00:00,31777.336116610823
2025-07-28 00:00:00+00:00,31777.336116610823
2025-07-29 00:00:00+00:00,31777.336116610823
2025-07-30 00:00:00+00:00,31777.336116610823
2025-07-31 00:00:00+00:00,31777.336116610823
2025-08-01 00:00:00+00:00,31777.336116610823
2025-08-02 00:00:00+00:00,31777.336116610823
2025-08-03 00:00:00+00:00,30609.976483802882
2025-08-04 00:00:00+00:00,30609.976483802882
2025-08-05 00:00:00+00:00,30609.976483802882
2025-08-06 00:00:00+00:00,30609.976483802882
2025-08-07 00:00:00+00:00,30609.976483802882
2025-08-08 00:00:00+00:00,30609.976483802882
2025-08-09 00:00:00+00:00,30609.976483802882
2025-08-10 00:00:00+00:00,30609.976483802882
2025-08-11 00:00:00+00:00,30609.976483802882
2025-08-12 00:00:00+00:00,30609.976483802882
2025-08-13 00:00:00+00:00,30609.976483802882
2025-08-14 00:00:00+00:00,30609.976483802882
2025-08-15 00:00:00+00:00,30609.976483802882
2025-08-16 00:00:00+00:00,30609.976483802882
2025-08-17 00:00:00+00:00,30609.976483802882
2025-08-18 00:00:00+00:00,30609.976483802882
2025-08-19 00:00:00+00:00,30609.976483802882
2025-08-20 00:00:00+00:00,30609.976483802882
2025-08-21 00:00:00+00:00,30609.976483802882
2025-08-22 00:00:00+00:00,30609.976483802882
2025-08-23 00:00:00+00:00,30609.976483802882
2025-08-24 00:00:00+00:00,30609.976483802882
2025-08-25 00:00:00+00:00,30609.976483802882
2025-08-26 00:00:00+00:00,30609.976483802882
2025-08-27 00:00:00+00:00,30609.976483802882
2025-08-28 00:00:00+00:00,30609.976483802882
2025-08-29 00:00:00+00:00,30609.976483802882
2025-08-30 00:00:00+00:00,30609.976483802882
2025-08-31 00:00:00+00:00,30609.976483802882
2025-09-01 00:00:00+00:00,30609.976483802882
2025-09-02 00:00:00+00:00,30609.976483802882
2025-09-03 00:00:00+00:00,30609.976483802882
2025-09-04 00:00:00+00:00,30609.976483802882
2025-09-05 00:00:00+00:00,30609.976483802882
2025-09-06 00:00:00+00:00,30609.976483802882
2025-09-07 00:00:00+00:00,30609.976483802882
2025-09-08 00:00:00+00:00,30609.976483802882
2025-09-09 00:00:00+00:00,30609.976483802882
2025-09-10 00:00:00+00:00,30609.976483802882
2025-09-11 00:00:00+00:00,30609.976483802882
2025-09-12 00:00:00+00:00,30609.976483802882
2025-09-13 00:00:00+00:00,30609.976483802882
2025-09-14 00:00:00+00:00,30609.976483802882
2025-09-15 00:00:00+00:00,30609.976483802882
2025-09-16 00:00:00+00:00,30609.976483802882
2025-09-17 00:00:00+00:00,30609.976483802882
2025-09-18 00:00:00+00:00,30609.976483802882
2025-09-19 00:00:00+00:00,30609.976483802882
2025-09-20 00:00:00+00:00,30609.976483802882
2025-09-21 00:00:00+00:00,30609.976483802882
2025-09-22 00:00:00+00:00,30609.976483802882
2025-09-23 00:00:00+00:00,29860.72691210486
2025-09-24 00:00:00+00:00,30541.157483601983
2025-09-25 00:00:00+00:00,30768.67677343152
2025-09-26 00:00:00+00:00,33175.810414983935
2025-09-27 00:00:00+00:00,33175.810414983935
2025-09-28 00:00:00+00:00,33175.810414983935
2025-09-29 00:00:00+00:00,33283.8917682594
2025-09-30 00:00:00+00:00,32042.85300220125
2025-10-01 00:00:00+00:00,32042.85300220125
2025-10-02 00:00:00+00:00,32042.85300220125
2025-10-03 00:00:00+00:00,32042.85300220125
2025-10-04 00:00:00+00:00,32042.85300220125
2025-10-05 00:00:00+00:00,32042.85300220125
2025-10-06 00:00:00+00:00,32042.85300220125
2025-10-07 00:00:00+00:00,32042.85300220125
2025-10-08 00:00:00+00:00,32042.85300220125
2025-10-09 00:00:00+00:00,32042.85300220125
2025-10-10 00:00:00+00:00,32042.85300220125
2025-10-11 00:00:00+00:00,32042.85300220125
2025-10-12 00:00:00+00:00,32042.85300220125
2025-10-13 00:00:00+00:00,32042.85300220125
2025-10-14 00:00:00+00:00,32042.85300220125
2025-10-15 00:00:00+00:00,32042.85300220125
2025-10-16 00:00:00+00:00,32042.85300220125
2025-10-17 00:00:00+00:00,32042.85300220125
2025-10-18 00:00:00+00:00,32042.85300220125
2025-10-19 00:00:00+00:00,32042.85300220125
2025-10-20 00:00:00+00:00,32042.85300220125
2025-10-21 00:00:00+00:00,32042.85300220125
2025-10-22 00:00:00+00:00,32042.85300220125
2025-10-23 00:00:00+00:00,32042.85300220125
2025-10-24 00:00:00+00:00,32042.85300220125
2025-10-25 00:00:00+00:00,32042.85300220125
2025-10-26 00:00:00+00:00,32042.85300220125
2025-10-27 00:00:00+00:00,32042.85300220125
2025-10-28 00:00:00+00:00,32042.85300220125
2025-10-29 00:00:00+00:00,32042.85300220125
2025-10-30 00:00:00+00:00,32042.85300220125
2025-10-31 00:00:00+00:00,32042.85300220125
2025-11-01 00:00:00+00:00,32042.85300220125
2025-11-02 00:00:00+00:00,32042.85300220125
2025-11-03 00:00:00+00:00,32042.85300220125
2025-11-04 00:00:00+00:00,36301.97363202235
2025-11-05 00:00:00+00:00,41241.91391780729
2025-11-06 00:00:00+00:00,41241.91391780729
2025-11-07 00:00:00+00:00,41241.91391780729
2025-11-08 00:00:00+00:00,41241.91391780729
2025-11-09 00:00:00+00:00,41241.91391780729
2025-11-10 00:00:00+00:00,41241.91391780729
2025-11-11 00:00:00+00:00,41241.91391780729
2025-11-12 00:00:00+00:00,41241.91391780729
2025-11-13 00:00:00+00:00,41241.91391780729
2025-11-14 00:00:00+00:00,41241.91391780729
2025-11-15 00:00:00+00:00,41241.91391780729
2025-11-16 00:00:00+00:00,41241.91391780729
2025-11-17 00:00:00+00:00,41241.91391780729
2025-11-18 00:00:00+00:00,41241.91391780729
2025-11-19 00:00:00+00:00,41241.91391780729
2025-11-20 00:00:00+00:00,41241.91391780729
2025-11-21 00:00:00+00:00,41241.91391780729
2025-11-22 00:00:00+00:00,41241.91391780729
2025-11-23 00:00:00+00:00,41241.91391780729
2025-11-24 00:00:00+00:00,41241.91391780729
2025-11-25 00:00:00+00:00,41241.91391780729
2025-11-26 00:00:00+00:00,41241.91391780729
2025-11-27 00:00:00+00:00,41241.91391780729
2025-11-28 00:00:00+00:00,41241.91391780729
2025-11-29 00:00:00+00:00,41241.91391780729
2025-11-30 00:00:00+00:00,41241.91391780729
2025-12-01 00:00:00+00:00,41241.91391780729
2025-12-02 00:00:00+00:00,41241.91391780729
2025-12-03 00:00:00+00:00,47715.94937022983
2025-12-04 00:00:00+00:00,52722.40271472379
2025-12-05 00:00:00+00:00,52722.40271472379
2025-12-06 00:00:00+00:00,52722.40271472379
2025-12-07 00:00:00+00:00,52722.40271472379
2025-12-08 00:00:00+00:00,52722.40271472379
2025-12-09 00:00:00+00:00,52722.40271472379
2025-12-10 00:00:00+00:00,52722.40271472379
2025-12-11 00:00:00+00:00,52722.40271472379
2025-12-12 00:00:00+00:00,52722.40271472379
2025-12-13 00:00:00+00:00,53080.48918078741
2025-12-14 00:00:00+00:00,51747.989435103635
2025-12-15 00:00:00+00:00,54106.62325013195
2025-12-16 00:00:00+00:00,49604.84880715875
2025-12-17 00:00:00+00:00,49604.84880715875
2025-12-18 00:00:00+00:00,49604.84880715875
2025-12-19 00:00:00+00:00,49604.84880715875
2025-12-20 00:00:00+00:00,49604.84880715875
2025-12-21 00:00:00+00:00,49604.84880715875
2025-12-22 00:00:00+00:00,49604.84880715875
2025-12-23 00:00:00+00:00,49604.84880715875
2025-12-24 00:00:00+00:00,49604.84880715875
2025-12-25 00:00:00+00:00,49604.84880715875
2025-12-26 00:00:00+00:00,49604.84880715875
2025-12-27 00:00:00+00:00,49604.84880715875
2025-12-28 00:00:00+00:00,49604.84880715875
2025-12-29 00:00:00+00:00,49604.84880715875
2025-12-30 00:00:00+00:00,49604.84880715875
2025-12-31 00:00:00+00:00,49604.84880715875
2026-01-01 00:00:00+00:00,49604.84880715875
2026-01-02 00:00:00+00:00,49604.84880715875
2026-01-03 00:00:00+00:00,49604.84880715875
2026-01-04 00:00:00+00:00,49604.84880715875
2026-01-05 00:00:00+00:00,49604.84880715875
2026-01-06 00:00:00+00:00,49604.84880715875
2026-01-07 00:00:00+00:00,49604.84880715875
2026-01-08 00:00:00+00:00,49604.84880715875
2026-01-09 00:00:00+00:00,46628.630240811646
2026-01-10 00:00:00+00:00,46628.630240811646
2026-01-11 00:00:00+00:00,46628.630240811646
2026-01-12 00:00:00+00:00,46628.630240811646
2026-01-13 00:00:00+00:00,46628.630240811646
2026-01-14 00:00:00+00:00,47414.616400501225
2026-01-15 00:00:00+00:00,48419.753283635044
2026-01-16 00:00:00+00:00,47083.09128442316
2026-01-17 00:00:00+00:00,45896.96151556552
2026-01-18 00:00:00+00:00,45896.96151556552
2026-01-19 00:00:00+00:00,45896.96151556552
2026-01-20 00:00:00+00:00,42512.085130479245
2026-01-21 00:00:00+00:00,43082.42669499279
2026-01-22 00:00:00+00:00,43082.42669499279
2026-01-23 00:00:00+00:00,43082.42669499279
2026-01-24 00:00:00+00:00,43082.42669499279
2026-01-25 00:00:00+00:00,43082.42669499279
2026-01-26 00:00:00+00:00,43082.42669499279
2026-01-27 00:00:00+00:00,43082.42669499279
2026-01-28 00:00:00+00:00,43082.42669499279
2026-01-29 00:00:00+00:00,43082.42669499279
2026-01-30 00:00:00+00:00,43082.42669499279
2026-01-31 00:00:00+00:00,43082.42669499279
2026-02-01 00:00:00+00:00,45588.44949706671
2026-02-02 00:00:00+00:00,45588.44949706671
2026-02-03 00:00:00+00:00,45588.44949706671
2026-02-04 00:00:00+00:00,42852.49598839597
2026-02-05 00:00:00+00:00,42852.49598839597
2026-02-06 00:00:00+00:00,39458.66458625036
2026-02-07 00:00:00+00:00,39458.66458625036
2026-02-08 00:00:00+00:00,39458.66458625036
2026-02-09 00:00:00+00:00,39458.66458625036
2026-02-10 00:00:00+00:00,39458.66458625036
2026-02-11 00:00:00+00:00,39458.66458625036
2026-02-12 00:00:00+00:00,39458.66458625036
2026-02-13 00:00:00+00:00,39458.66458625036
2026-02-14 00:00:00+00:00,39458.66458625036
2026-02-15 00:00:00+00:00,39458.66458625036
2026-02-16 00:00:00+00:00,39458.66458625036
2026-02-17 00:00:00+00:00,39458.66458625036
2026-02-18 00:00:00+00:00,39458.66458625036
2026-02-19 00:00:00+00:00,39458.66458625036
2026-02-20 00:00:00+00:00,39458.66458625036
2026-02-21 00:00:00+00:00,39458.66458625036
2026-02-22 00:00:00+00:00,39458.66458625036
2026-02-23 00:00:00+00:00,39458.66458625036
2026-02-24 00:00:00+00:00,39458.66458625036
2026-02-25 00:00:00+00:00,39458.66458625036
2026-02-26 00:00:00+00:00,39458.66458625036
2026-02-27 00:00:00+00:00,39458.66458625036
2026-02-28 00:00:00+00:00,39458.66458625036
2026-03-01 00:00:00+00:00,39458.66458625036
2026-03-02 00:00:00+00:00,39458.66458625036
2026-03-03 00:00:00+00:00,39458.66458625036
2026-03-04 00:00:00+00:00,39458.66458625036
2026-03-05 00:00:00+00:00,39458.66458625036
2026-03-06 00:00:00+00:00,39458.66458625036
2026-03-07 00:00:00+00:00,39458.66458625036
2026-03-08 00:00:00+00:00,39458.66458625036
2026-03-09 00:00:00+00:00,39458.66458625036
2026-03-10 00:00:00+00:00,39458.66458625036
2026-03-11 00:00:00+00:00,39458.66458625036
2026-03-12 00:00:00+00:00,39458.66458625036
2026-03-13 00:00:00+00:00,39458.66458625036
2026-03-14 00:00:00+00:00,39458.66458625036
2026-03-15 00:00:00+00:00,39458.66458625036
2026-03-16 00:00:00+00:00,39458.66458625036
2026-03-17 00:00:00+00:00,39458.66458625036
2026-03-18 00:00:00+00:00,39458.66458625036
2026-03-19 00:00:00+00:00,39458.66458625036
2026-03-20 00:00:00+00:00,39458.66458625036
2026-03-21 00:00:00+00:00,39458.66458625036
2026-03-22 00:00:00+00:00,39458.66458625036
2026-03-23 00:00:00+00:00,39458.66458625036
2026-03-24 00:00:00+00:00,39458.66458625036
2026-03-25 00:00:00+00:00,39458.66458625036
2026-03-26 00:00:00+00:00,39458.66458625036
2026-03-27 00:00:00+00:00,38811.15927921867
2026-03-28 00:00:00+00:00,38811.15927921867
2026-03-29 00:00:00+00:00,38811.15927921867
2026-03-30 00:00:00+00:00,38811.15927921867
2026-03-31 00:00:00+00:00,38811.15927921867
2026-04-01 00:00:00+00:00,38811.15927921867
2026-04-02 00:00:00+00:00,37457.355996289865
2026-04-03 00:00:00+00:00,40576.42829683464
2026-04-04 00:00:00+00:00,40696.9874337316
2026-04-05 00:00:00+00:00,40553.01914679417
2026-04-06 00:00:00+00:00,40553.01914679417
2026-04-07 00:00:00+00:00,40553.01914679417
2026-04-08 00:00:00+00:00,39979.61090763476
2026-04-09 00:00:00+00:00,38692.90438733883
2026-04-10 00:00:00+00:00,38105.389869128594
2026-04-11 00:00:00+00:00,38105.389869128594
2026-04-12 00:00:00+00:00,38105.389869128594
2026-04-13 00:00:00+00:00,38423.55091370168
2026-04-14 00:00:00+00:00,37292.5544271201
2026-04-15 00:00:00+00:00,35635.16422945837
2026-04-16 00:00:00+00:00,35635.16422945837
2026-04-17 00:00:00+00:00,35635.16422945837
2026-04-18 00:00:00+00:00,35635.16422945837
2026-04-19 00:00:00+00:00,35635.16422945837
2026-04-20 00:00:00+00:00,35635.16422945837
2026-04-21 00:00:00+00:00,35635.16422945837
2026-04-22 00:00:00+00:00,35635.16422945837
2026-04-23 00:00:00+00:00,35635.16422945837
2026-04-24 00:00:00+00:00,35635.16422945837
2026-04-25 00:00:00+00:00,35635.16422945837
2026-04-26 00:00:00+00:00,35635.16422945837
2026-04-27 00:00:00+00:00,35635.16422945837
2026-04-28 00:00:00+00:00,35635.16422945837
2026-04-29 00:00:00+00:00,35635.16422945837
2026-04-30 00:00:00+00:00,34721.63141760049
2026-05-01 00:00:00+00:00,34564.241413615106
2026-05-02 00:00:00+00:00,31864.582675561953
2026-05-03 00:00:00+00:00,31864.582675561953
2026-05-04 00:00:00+00:00,31864.582675561953
2026-05-05 00:00:00+00:00,31864.582675561953
2026-05-06 00:00:00+00:00,31864.582675561953
2026-05-07 00:00:00+00:00,31864.582675561953
2026-05-08 00:00:00+00:00,32339.64579279736
2026-05-09 00:00:00+00:00,30917.405287270492
2026-05-10 00:00:00+00:00,30917.405287270492
2026-05-11 00:00:00+00:00,30917.405287270492
2026-05-12 00:00:00+00:00,29062.824727044044
2026-05-13 00:00:00+00:00,29612.88826477743
2026-05-14 00:00:00+00:00,27486.237958183447
2026-05-15 00:00:00+00:00,27486.237958183447
2026-05-16 00:00:00+00:00,27552.52693574976
2026-05-17 00:00:00+00:00,30113.982620407405
2026-05-18 00:00:00+00:00,31812.27592183496
2026-05-19 00:00:00+00:00,29903.73943037187
2026-05-20 00:00:00+00:00,29903.73943037187
2026-05-21 00:00:00+00:00,29903.73943037187
2026-05-22 00:00:00+00:00,29903.73943037187
2026-05-23 00:00:00+00:00,30484.470112627747
2026-05-24 00:00:00+00:00,29030.353511358975
2026-05-25 00:00:00+00:00,27439.042633660254
2026-05-26 00:00:00+00:00,27439.042633660254
2026-05-27 00:00:00+00:00,27234.2180809986
2026-05-28 00:00:00+00:00,26783.996881750027
2026-05-29 00:00:00+00:00,28103.982981624977
2026-05-30 00:00:00+00:00,25542.598302867103
2026-05-31 00:00:00+00:00,25542.598302867103
2026-06-01 00:00:00+00:00,25542.598302867103
2026-06-02 00:00:00+00:00,24010.942185976626
2026-06-03 00:00:00+00:00,26250.67674052165
2026-06-04 00:00:00+00:00,27622.884141033355
2026-06-05 00:00:00+00:00,28872.962694104765
2026-06-06 00:00:00+00:00,30997.762540651536
2026-06-07 00:00:00+00:00,30997.762540651536
2026-06-08 00:00:00+00:00,30997.762540651536
2026-06-09 00:00:00+00:00,30997.762540651536
2026-06-10 00:00:00+00:00,30997.762540651536
2026-06-11 00:00:00+00:00,30997.762540651536
2026-06-12 00:00:00+00:00,30997.762540651536
2026-06-13 00:00:00+00:00,30997.762540651536
2026-06-14 00:00:00+00:00,30997.762540651536
2026-06-15 00:00:00+00:00,30997.762540651536
2026-06-16 00:00:00+00:00,30997.762540651536
2026-06-17 00:00:00+00:00,30997.762540651536
2026-06-18 00:00:00+00:00,29096.21818539349
2026-06-19 00:00:00+00:00,29527.318362595026
2026-06-20 00:00:00+00:00,29526.54712638126
2026-06-21 00:00:00+00:00,29340.469936075864
2026-06-22 00:00:00+00:00,29340.469936075864
2026-06-23 00:00:00+00:00,30417.23851438068
2026-06-24 00:00:00+00:00,37327.81532262581
2026-06-25 00:00:00+00:00,34705.078670508556
2026-06-26 00:00:00+00:00,35642.76979163344
2026-06-27 00:00:00+00:00,34844.60447307224
2026-06-28 00:00:00+00:00,35184.80782269879
2026-06-29 00:00:00+00:00,34535.82606583399
2026-06-30 00:00:00+00:00,34535.82606583399
2026-07-01 00:00:00+00:00,34087.845496681744
2026-07-02 00:00:00+00:00,32339.32823482826
2026-07-03 00:00:00+00:00,32339.32823482826
2026-07-04 00:00:00+00:00,32790.330817002934
2026-07-05 00:00:00+00:00,33539.42140611822
2026-07-06 00:00:00+00:00,33716.09628312276
2026-07-07 00:00:00+00:00,32624.752929558475
2026-07-08 00:00:00+00:00,32151.547798290852
2026-07-09 00:00:00+00:00,29971.173509674023
2026-07-10 00:00:00+00:00,29725.920450342783
2026-07-11 00:00:00+00:00,29725.920450342783
2026-07-12 00:00:00+00:00,29725.920450342783
2026-07-13 00:00:00+00:00,29725.920450342783
2026-07-14 00:00:00+00:00,28712.012067879863
2026-07-15 00:00:00+00:00,27942.906142177068
2026-07-16 00:00:00+00:00,27942.906142177068
2026-07-17 00:00:00+00:00,26816.629299716962
2026-07-18 00:00:00+00:00,27489.029148159083
2026-07-19 00:00:00+00:00,26890.032814130696
2026-07-20 00:00:00+00:00,26557.47508243284
2026-07-21 00:00:00+00:00,26557.47508243284
2026-07-22 00:00:00+00:00,26557.47508243284
2026-07-23 00:00:00+00:00,26557.47508243284
2026-07-24 00:00:00+00:00,27145.102207772507
2026-07-25 00:00:00+00:00,25175.818721107767
2026-07-26 00:00:00+00:00,25175.818721107767
2026-07-27 00:00:00+00:00,25175.818721107767
2026-07-28 00:00:00+00:00,25014.353133369008
2026-07-29 00:00:00+00:00,23663.543977376175
2026-07-30 00:00:00+00:00,23663.543977376175
2026-07-31 00:00:00+00:00,23663.543977376175
2026-08-01 00:00:00+00:00,24540.362701459755
2026-08-02 00:00:00+00:00,25924.058437525036
2026-08-03 00:00:00+00:00,23327.06904414582
2026-08-04 00:00:00+00:00,22582.252720969474
2026-08-05 00:00:00+00:00,22582.252720969474
2026-08-06 00:00:00+00:00,22582.252720969474
2026-08-07 00:00:00+00:00,22582.252720969474
2026-08-08 00:00:00+00:00,22582.252720969474
2026-08-09 00:00:00+00:00,22582.252720969474
2026-08-10 00:00:00+00:00,22582.252720969474
2026-08-11 00:00:00+00:00,22582.252720969474
2026-08-12 00:00:00+00:00,22582.252720969474
2026-08-13 00:00:00+00:00,22582.252720969474
2026-08-14 00:00:00+00:00,22582.252720969474
2026-08-15 00:00:00+00:00,22582.252720969474
2026-08-16 00:00:00+00:00,22582.252720969474
2026-08-17 00:00:00+00:00,22582.252720969474
2026-08-18 00:00:00+00:00,22582.252720969474
2026-08-19 00:00:00+00:00,22582.252720969474
2026-08-20 00:00:00+00:00,22582.252720969474
2026-08-21 00:00:00+00:00,22680.263090332148
2026-08-22 00:00:00+00:00,26117.358867610266
2026-08-23 00:00:00+00:00,23996.609861219178
2026-08-24 00:00:00+00:00,22557.267047906822
2026-08-25 00:00:00+00:00,22557.267047906822
2026-08-26 00:00:00+00:00,22557.267047906822
2026-08-27 00:00:00+00:00,22557.267047906822
2026-08-28 00:00:00+00:00,22557.267047906822
2026-08-29 00:00:00+00:00,22557.267047906822
2026-08-30 00:00:00+00:00,22557.267047906822
2026-08-31 00:00:00+00:00,22557.267047906822
2026-09-01 00:00:00+00:00,22557.267047906822
